0 verbose cli /Users/satyamsingh/.nvm/versions/node/v20.20.2/bin/node /Users/satyamsingh/.nvm/versions/node/v20.20.2/bin/npm
1 info using npm@10.8.2
2 info using node@v20.20.2
3 silly config load:file:/Users/satyamsingh/.nvm/versions/node/v20.20.2/lib/node_modules/npm/npmrc
4 silly config load:file:/Users/satyamsingh/Desktop/untitled folder/Quizizz/.npmrc
5 silly config load:file:/Users/satyamsingh/.npmrc
6 silly config load:file:/Users/satyamsingh/.nvm/versions/node/v20.20.2/etc/npmrc
7 verbose title npm install
8 verbose argv "install" "--cache" "/Users/satyamsingh/Desktop/untitled folder/Quizizz/.npm-cache"
9 verbose logfile logs-max:10 dir:/Users/satyamsingh/Desktop/untitled folder/Quizizz/.npm-cache/_logs/2026-04-24T07_52_50_129Z-
10 verbose logfile /Users/satyamsingh/Desktop/untitled folder/Quizizz/.npm-cache/_logs/2026-04-24T07_52_50_129Z-debug-0.log
11 silly packumentCache heap:2197815296 maxSize:549453824 maxEntrySize:274726912
12 silly logfile done cleaning log files
13 silly idealTree buildDeps
14 silly placeDep ROOT ai-orchestrator@1.0.0 OK for: quizizz-mern@1.0.0 want: file:/Users/satyamsingh/Desktop/untitled folder/Quizizz/services/ai-orchestrator
15 silly placeDep ROOT quizizz-api@1.0.0 OK for: quizizz-mern@1.0.0 want: file:/Users/satyamsingh/Desktop/untitled folder/Quizizz/api
16 silly placeDep ROOT web-admin@1.0.0 OK for: quizizz-mern@1.0.0 want: file:/Users/satyamsingh/Desktop/untitled folder/Quizizz/apps/web-admin
17 silly placeDep ROOT web-player@1.0.0 OK for: quizizz-mern@1.0.0 want: file:/Users/satyamsingh/Desktop/untitled folder/Quizizz/apps/web-player
18 silly fetch manifest axios@^1.9.0
19 silly packumentCache full:https://registry.npmjs.org/axios cache-miss
20 http fetch GET 200 https://registry.npmjs.org/npm 128ms
21 http fetch GET 200 https://registry.npmjs.org/axios 93ms (cache miss)
22 silly packumentCache full:https://registry.npmjs.org/axios set size:undefined disposed:false
23 silly fetch manifest cors@^2.8.5
24 silly packumentCache full:https://registry.npmjs.org/cors cache-miss
25 http fetch GET 200 https://registry.npmjs.org/cors 28ms (cache miss)
26 silly packumentCache full:https://registry.npmjs.org/cors set size:undefined disposed:false
27 silly fetch manifest dotenv@^16.4.5
28 silly packumentCache full:https://registry.npmjs.org/dotenv cache-miss
29 http fetch GET 200 https://registry.npmjs.org/dotenv 27ms (cache miss)
30 silly packumentCache full:https://registry.npmjs.org/dotenv set size:undefined disposed:false
31 silly fetch manifest express@^4.19.2
32 silly packumentCache full:https://registry.npmjs.org/express cache-miss
33 http fetch GET 200 https://registry.npmjs.org/express 36ms (cache miss)
34 silly packumentCache full:https://registry.npmjs.org/express set size:undefined disposed:false
35 silly fetch manifest mammoth@^1.8.0
36 silly packumentCache full:https://registry.npmjs.org/mammoth cache-miss
37 http fetch GET 200 https://registry.npmjs.org/mammoth 24ms (cache miss)
38 silly packumentCache full:https://registry.npmjs.org/mammoth set size:undefined disposed:false
39 silly fetch manifest mongoose@^8.3.4
40 silly packumentCache full:https://registry.npmjs.org/mongoose cache-miss
41 http fetch GET 200 https://registry.npmjs.org/mongoose 84ms (cache miss)
42 silly packumentCache full:https://registry.npmjs.org/mongoose set size:undefined disposed:false
43 silly fetch manifest multer@^1.4.5-lts.1
44 silly packumentCache full:https://registry.npmjs.org/multer cache-miss
45 http fetch GET 200 https://registry.npmjs.org/multer 26ms (cache miss)
46 silly packumentCache full:https://registry.npmjs.org/multer set size:undefined disposed:false
47 silly fetch manifest pdf-parse@^1.1.1
48 silly packumentCache full:https://registry.npmjs.org/pdf-parse cache-miss
49 http fetch GET 200 https://registry.npmjs.org/pdf-parse 23ms (cache miss)
50 silly packumentCache full:https://registry.npmjs.org/pdf-parse set size:undefined disposed:false
51 silly fetch manifest qrcode@^1.5.4
52 silly packumentCache full:https://registry.npmjs.org/qrcode cache-miss
53 http fetch GET 200 https://registry.npmjs.org/qrcode 25ms (cache miss)
54 silly packumentCache full:https://registry.npmjs.org/qrcode set size:undefined disposed:false
55 silly fetch manifest socket.io@^4.8.1
56 silly packumentCache full:https://registry.npmjs.org/socket.io cache-miss
57 http fetch GET 200 https://registry.npmjs.org/socket.io 29ms (cache miss)
58 silly packumentCache full:https://registry.npmjs.org/socket.io set size:undefined disposed:false
59 silly placeDep ROOT axios@1.15.2 OK for: quizizz-api@1.0.0 want: ^1.9.0
60 silly placeDep ROOT cors@2.8.6 OK for: quizizz-api@1.0.0 want: ^2.8.5
61 silly placeDep ROOT dotenv@16.6.1 OK for: quizizz-api@1.0.0 want: ^16.4.5
62 silly placeDep ROOT express@4.22.1 OK for: quizizz-api@1.0.0 want: ^4.19.2
63 silly placeDep ROOT mammoth@1.12.0 OK for: quizizz-api@1.0.0 want: ^1.8.0
64 silly placeDep ROOT mongoose@8.23.1 OK for: quizizz-api@1.0.0 want: ^8.3.4
65 silly placeDep ROOT multer@1.4.5-lts.2 OK for: quizizz-api@1.0.0 want: ^1.4.5-lts.1
66 silly placeDep ROOT pdf-parse@1.1.4 OK for: quizizz-api@1.0.0 want: ^1.1.1
67 silly placeDep ROOT qrcode@1.5.4 OK for: quizizz-api@1.0.0 want: ^1.5.4
68 silly placeDep ROOT socket.io@4.8.3 OK for: quizizz-api@1.0.0 want: ^4.8.1
69 silly fetch manifest follow-redirects@^1.15.11
70 silly packumentCache full:https://registry.npmjs.org/follow-redirects cache-miss
71 silly fetch manifest form-data@^4.0.5
72 silly packumentCache full:https://registry.npmjs.org/form-data cache-miss
73 silly fetch manifest proxy-from-env@^2.1.0
74 silly packumentCache full:https://registry.npmjs.org/proxy-from-env cache-miss
75 silly fetch manifest object-assign@^4
76 silly packumentCache full:https://registry.npmjs.org/object-assign cache-miss
77 silly fetch manifest vary@^1
78 silly packumentCache full:https://registry.npmjs.org/vary cache-miss
79 silly fetch manifest qs@~6.14.0
80 silly packumentCache full:https://registry.npmjs.org/qs cache-miss
81 silly fetch manifest depd@2.0.0
82 silly packumentCache full:https://registry.npmjs.org/depd cache-miss
83 http fetch GET 200 https://registry.npmjs.org/form-data 23ms (cache miss)
84 silly packumentCache full:https://registry.npmjs.org/form-data set size:undefined disposed:false
85 silly fetch manifest etag@~1.8.1
86 silly packumentCache full:https://registry.npmjs.org/etag cache-miss
87 http fetch GET 200 https://registry.npmjs.org/etag 30ms (cache miss)
88 silly packumentCache full:https://registry.npmjs.org/etag set size:undefined disposed:false
89 silly fetch manifest send@~0.19.0
90 silly packumentCache full:https://registry.npmjs.org/send cache-miss
91 http fetch GET 200 https://registry.npmjs.org/object-assign 70ms (cache miss)
92 silly packumentCache full:https://registry.npmjs.org/object-assign set size:undefined disposed:false
93 silly fetch manifest vary@~1.1.2
94 silly packumentCache full:https://registry.npmjs.org/vary cache-miss
95 http fetch GET 200 https://registry.npmjs.org/vary 71ms (cache miss)
96 silly packumentCache full:https://registry.npmjs.org/vary set size:undefined disposed:false
97 silly fetch manifest debug@2.6.9
98 silly packumentCache full:https://registry.npmjs.org/debug cache-miss
99 http fetch GET 200 https://registry.npmjs.org/proxy-from-env 73ms (cache miss)
100 silly packumentCache full:https://registry.npmjs.org/proxy-from-env set size:undefined disposed:false
101 silly fetch manifest fresh@~0.5.2
102 silly packumentCache full:https://registry.npmjs.org/fresh cache-miss
103 http fetch GET 200 https://registry.npmjs.org/send 24ms (cache miss)
104 silly packumentCache full:https://registry.npmjs.org/send set size:undefined disposed:false
105 silly fetch manifest cookie@~0.7.1
106 silly packumentCache full:https://registry.npmjs.org/cookie cache-miss
107 http fetch GET 200 https://registry.npmjs.org/qs 82ms (cache miss)
108 silly packumentCache full:https://registry.npmjs.org/qs set size:undefined disposed:false
109 silly fetch manifest accepts@~1.3.8
110 silly packumentCache full:https://registry.npmjs.org/accepts cache-miss
111 http fetch GET 200 https://registry.npmjs.org/vary 24ms (cache miss)
112 silly packumentCache full:https://registry.npmjs.org/vary set size:undefined disposed:false
113 silly fetch manifest methods@~1.1.2
114 silly packumentCache full:https://registry.npmjs.org/methods cache-miss
115 http fetch GET 200 https://registry.npmjs.org/debug 29ms (cache miss)
116 silly packumentCache full:https://registry.npmjs.org/debug set size:undefined disposed:false
117 silly fetch manifest type-is@~1.6.18
118 silly packumentCache full:https://registry.npmjs.org/type-is cache-miss
119 http fetch GET 200 https://registry.npmjs.org/cookie 22ms (cache miss)
120 silly packumentCache full:https://registry.npmjs.org/cookie set size:undefined disposed:false
121 silly fetch manifest parseurl@~1.3.3
122 silly packumentCache full:https://registry.npmjs.org/parseurl cache-miss
123 http fetch GET 200 https://registry.npmjs.org/accepts 23ms (cache miss)
124 silly packumentCache full:https://registry.npmjs.org/accepts set size:undefined disposed:false
125 silly fetch manifest statuses@~2.0.1
126 silly packumentCache full:https://registry.npmjs.org/statuses cache-miss
127 http fetch GET 200 https://registry.npmjs.org/parseurl 17ms (cache miss)
128 silly packumentCache full:https://registry.npmjs.org/parseurl set size:undefined disposed:false
129 silly fetch manifest encodeurl@~2.0.0
130 silly packumentCache full:https://registry.npmjs.org/encodeurl cache-miss
131 http fetch GET 200 https://registry.npmjs.org/statuses 19ms (cache miss)
132 silly packumentCache full:https://registry.npmjs.org/statuses set size:undefined disposed:false
133 silly fetch manifest proxy-addr@~2.0.7
134 silly packumentCache full:https://registry.npmjs.org/proxy-addr cache-miss
135 http fetch GET 200 https://registry.npmjs.org/encodeurl 18ms (cache miss)
136 silly packumentCache full:https://registry.npmjs.org/encodeurl set size:undefined disposed:false
137 silly fetch manifest body-parser@~1.20.3
138 silly packumentCache full:https://registry.npmjs.org/body-parser cache-miss
139 http fetch GET 200 https://registry.npmjs.org/proxy-addr 25ms (cache miss)
140 silly packumentCache full:https://registry.npmjs.org/proxy-addr set size:undefined disposed:false
141 silly fetch manifest escape-html@~1.0.3
142 silly packumentCache full:https://registry.npmjs.org/escape-html cache-miss
143 http fetch GET 200 https://registry.npmjs.org/body-parser 21ms (cache miss)
144 silly packumentCache full:https://registry.npmjs.org/body-parser set size:undefined disposed:false
145 silly fetch manifest http-errors@~2.0.0
146 silly packumentCache full:https://registry.npmjs.org/http-errors cache-miss
147 http fetch GET 200 https://registry.npmjs.org/fresh 261ms (cache miss)
148 silly packumentCache full:https://registry.npmjs.org/fresh set size:undefined disposed:false
149 silly fetch manifest on-finished@~2.4.1
150 silly packumentCache full:https://registry.npmjs.org/on-finished cache-miss
151 http fetch GET 200 https://registry.npmjs.org/type-is 257ms (cache miss)
152 silly packumentCache full:https://registry.npmjs.org/type-is set size:undefined disposed:false
153 silly fetch manifest safe-buffer@5.2.1
154 silly packumentCache full:https://registry.npmjs.org/safe-buffer cache-miss
155 http fetch GET 200 https://registry.npmjs.org/methods 267ms (cache miss)
156 silly packumentCache full:https://registry.npmjs.org/methods set size:undefined disposed:false
157 silly fetch manifest utils-merge@1.0.1
158 silly packumentCache full:https://registry.npmjs.org/utils-merge cache-miss
159 http fetch GET 200 https://registry.npmjs.org/safe-buffer 20ms (cache miss)
160 silly packumentCache full:https://registry.npmjs.org/safe-buffer set size:undefined disposed:false
161 silly fetch manifest content-type@~1.0.4
162 silly packumentCache full:https://registry.npmjs.org/content-type cache-miss
163 http fetch GET 200 https://registry.npmjs.org/content-type 18ms (cache miss)
164 silly packumentCache full:https://registry.npmjs.org/content-type set size:undefined disposed:false
165 silly fetch manifest finalhandler@~1.3.1
166 silly packumentCache full:https://registry.npmjs.org/finalhandler cache-miss
167 http fetch GET 200 https://registry.npmjs.org/escape-html 253ms (cache miss)
168 silly packumentCache full:https://registry.npmjs.org/escape-html set size:undefined disposed:false
169 silly fetch manifest range-parser@~1.2.1
170 silly packumentCache full:https://registry.npmjs.org/range-parser cache-miss
171 http fetch GET 200 https://registry.npmjs.org/finalhandler 18ms (cache miss)
172 silly packumentCache full:https://registry.npmjs.org/finalhandler set size:undefined disposed:false
173 silly fetch manifest serve-static@~1.16.2
174 silly packumentCache full:https://registry.npmjs.org/serve-static cache-miss
175 http fetch GET 200 https://registry.npmjs.org/http-errors 259ms (cache miss)
176 silly packumentCache full:https://registry.npmjs.org/http-errors set size:undefined disposed:false
177 silly fetch manifest array-flatten@1.1.1
178 silly packumentCache full:https://registry.npmjs.org/array-flatten cache-miss
179 http fetch GET 200 https://registry.npmjs.org/range-parser 19ms (cache miss)
180 silly packumentCache full:https://registry.npmjs.org/range-parser set size:undefined disposed:false
181 silly fetch manifest path-to-regexp@~0.1.12
182 silly packumentCache full:https://registry.npmjs.org/path-to-regexp cache-miss
183 http fetch GET 200 https://registry.npmjs.org/serve-static 25ms (cache miss)
184 silly packumentCache full:https://registry.npmjs.org/serve-static set size:undefined disposed:false
185 silly fetch manifest setprototypeof@1.2.0
186 silly packumentCache full:https://registry.npmjs.org/setprototypeof cache-miss
187 http fetch GET 200 https://registry.npmjs.org/path-to-regexp 22ms (cache miss)
188 silly packumentCache full:https://registry.npmjs.org/path-to-regexp set size:undefined disposed:false
189 silly fetch manifest cookie-signature@~1.0.6
190 silly packumentCache full:https://registry.npmjs.org/cookie-signature cache-miss
191 http fetch GET 200 https://registry.npmjs.org/setprototypeof 25ms (cache miss)
192 silly packumentCache full:https://registry.npmjs.org/setprototypeof set size:undefined disposed:false
193 silly fetch manifest merge-descriptors@1.0.3
194 silly packumentCache full:https://registry.npmjs.org/merge-descriptors cache-miss
195 http fetch GET 200 https://registry.npmjs.org/on-finished 254ms (cache miss)
196 silly packumentCache full:https://registry.npmjs.org/on-finished set size:undefined disposed:false
197 silly fetch manifest content-disposition@~0.5.4
198 silly packumentCache full:https://registry.npmjs.org/content-disposition cache-miss
199 http fetch GET 200 https://registry.npmjs.org/utils-merge 265ms (cache miss)
200 silly packumentCache full:https://registry.npmjs.org/utils-merge set size:undefined disposed:false
201 silly fetch manifest @xmldom/xmldom@^0.8.6
202 silly packumentCache full:https://registry.npmjs.org/@xmldom%2fxmldom cache-miss
203 http fetch GET 200 https://registry.npmjs.org/array-flatten 249ms (cache miss)
204 silly packumentCache full:https://registry.npmjs.org/array-flatten set size:undefined disposed:false
205 silly fetch manifest argparse@~1.0.3
206 silly packumentCache full:https://registry.npmjs.org/argparse cache-miss
207 http fetch GET 200 https://registry.npmjs.org/follow-redirects 701ms (cache miss)
208 silly packumentCache full:https://registry.npmjs.org/follow-redirects set size:undefined disposed:false
209 silly fetch manifest base64-js@^1.5.1
210 silly packumentCache full:https://registry.npmjs.org/base64-js cache-miss
211 http fetch GET 200 https://registry.npmjs.org/cookie-signature 254ms (cache miss)
212 silly packumentCache full:https://registry.npmjs.org/cookie-signature set size:undefined disposed:false
213 silly fetch manifest bluebird@~3.4.0
214 silly packumentCache full:https://registry.npmjs.org/bluebird cache-miss
215 http fetch GET 200 https://registry.npmjs.org/base64-js 22ms (cache miss)
216 silly packumentCache full:https://registry.npmjs.org/base64-js set size:undefined disposed:false
217 silly fetch manifest dingbat-to-unicode@^1.0.1
218 silly packumentCache full:https://registry.npmjs.org/dingbat-to-unicode cache-miss
219 http fetch GET 200 https://registry.npmjs.org/merge-descriptors 255ms (cache miss)
220 silly packumentCache full:https://registry.npmjs.org/merge-descriptors set size:undefined disposed:false
221 silly fetch manifest jszip@^3.7.1
222 silly packumentCache full:https://registry.npmjs.org/jszip cache-miss
223 http fetch GET 200 https://registry.npmjs.org/depd 790ms (cache miss)
224 silly packumentCache full:https://registry.npmjs.org/depd set size:undefined disposed:false
225 silly fetch manifest lop@^0.4.2
226 silly packumentCache full:https://registry.npmjs.org/lop cache-miss
227 http fetch GET 200 https://registry.npmjs.org/content-disposition 247ms (cache miss)
228 silly packumentCache full:https://registry.npmjs.org/content-disposition set size:undefined disposed:false
229 silly fetch manifest path-is-absolute@^1.0.0
230 silly packumentCache full:https://registry.npmjs.org/path-is-absolute cache-miss
231 http fetch GET 200 https://registry.npmjs.org/argparse 247ms (cache miss)
232 silly packumentCache full:https://registry.npmjs.org/argparse set size:undefined disposed:false
233 silly fetch manifest underscore@^1.13.1
234 silly packumentCache full:https://registry.npmjs.org/underscore cache-miss
235 http fetch GET 200 https://registry.npmjs.org/bluebird 261ms (cache miss)
236 silly packumentCache full:https://registry.npmjs.org/bluebird set size:undefined disposed:false
237 silly fetch manifest xmlbuilder@^10.0.0
238 silly packumentCache full:https://registry.npmjs.org/xmlbuilder cache-miss
239 http fetch GET 200 https://registry.npmjs.org/dingbat-to-unicode 261ms (cache miss)
240 silly packumentCache full:https://registry.npmjs.org/dingbat-to-unicode set size:undefined disposed:false
241 silly fetch manifest bson@^6.10.4
242 silly packumentCache full:https://registry.npmjs.org/bson cache-miss
243 http fetch GET 200 https://registry.npmjs.org/jszip 259ms (cache miss)
244 silly packumentCache full:https://registry.npmjs.org/jszip set size:undefined disposed:false
245 silly fetch manifest kareem@2.6.3
246 silly packumentCache full:https://registry.npmjs.org/kareem cache-miss
247 http fetch GET 200 https://registry.npmjs.org/lop 266ms (cache miss)
248 silly packumentCache full:https://registry.npmjs.org/lop set size:undefined disposed:false
249 silly fetch manifest mongodb@~6.20.0
250 silly packumentCache full:https://registry.npmjs.org/mongodb cache-miss
251 http fetch GET 200 https://registry.npmjs.org/path-is-absolute 256ms (cache miss)
252 silly packumentCache full:https://registry.npmjs.org/path-is-absolute set size:undefined disposed:false
253 silly fetch manifest mpath@0.9.0
254 silly packumentCache full:https://registry.npmjs.org/mpath cache-miss
255 http fetch GET 200 https://registry.npmjs.org/underscore 259ms (cache miss)
256 silly packumentCache full:https://registry.npmjs.org/underscore set size:undefined disposed:false
257 silly fetch manifest mquery@5.0.0
258 silly packumentCache full:https://registry.npmjs.org/mquery cache-miss
259 http fetch GET 200 https://registry.npmjs.org/xmlbuilder 258ms (cache miss)
260 silly packumentCache full:https://registry.npmjs.org/xmlbuilder set size:undefined disposed:false
261 silly fetch manifest ms@2.1.3
262 silly packumentCache full:https://registry.npmjs.org/ms cache-miss
263 http fetch GET 200 https://registry.npmjs.org/ms 19ms (cache miss)
264 silly packumentCache full:https://registry.npmjs.org/ms set size:undefined disposed:false
265 silly fetch manifest sift@17.1.3
266 silly packumentCache full:https://registry.npmjs.org/sift cache-miss
267 http fetch GET 200 https://registry.npmjs.org/bson 271ms (cache miss)
268 silly packumentCache full:https://registry.npmjs.org/bson set size:undefined disposed:false
269 silly fetch manifest xtend@^4.0.0
270 silly packumentCache full:https://registry.npmjs.org/xtend cache-miss
271 http fetch GET 200 https://registry.npmjs.org/xtend 19ms (cache miss)
272 silly packumentCache full:https://registry.npmjs.org/xtend set size:undefined disposed:false
273 silly fetch manifest busboy@^1.0.0
274 silly packumentCache full:https://registry.npmjs.org/busboy cache-miss
275 http fetch GET 200 https://registry.npmjs.org/mpath 257ms (cache miss)
276 silly packumentCache full:https://registry.npmjs.org/mpath set size:undefined disposed:false
277 silly fetch manifest mkdirp@^0.5.4
278 silly packumentCache full:https://registry.npmjs.org/mkdirp cache-miss
279 http fetch GET 200 https://registry.npmjs.org/mongodb 316ms (cache miss)
280 silly packumentCache full:https://registry.npmjs.org/mongodb set size:undefined disposed:false
281 silly fetch manifest type-is@^1.6.4
282 silly packumentCache full:https://registry.npmjs.org/type-is cache-miss
283 http fetch GET 200 https://registry.npmjs.org/type-is 6ms (cache hit)
284 silly packumentCache full:https://registry.npmjs.org/type-is set size:86196 disposed:false
285 silly fetch manifest append-field@^1.0.0
286 silly packumentCache full:https://registry.npmjs.org/append-field cache-miss
287 http fetch GET 200 https://registry.npmjs.org/mkdirp 47ms (cache miss)
288 silly packumentCache full:https://registry.npmjs.org/mkdirp set size:undefined disposed:false
289 silly fetch manifest concat-stream@^1.5.2
290 silly packumentCache full:https://registry.npmjs.org/concat-stream cache-miss
291 http fetch GET 200 https://registry.npmjs.org/mquery 261ms (cache miss)
292 silly packumentCache full:https://registry.npmjs.org/mquery set size:undefined disposed:false
293 silly fetch manifest object-assign@^4.1.1
294 silly packumentCache full:https://registry.npmjs.org/object-assign cache-miss
295 http fetch GET 200 https://registry.npmjs.org/object-assign 1ms (cache hit)
296 silly packumentCache full:https://registry.npmjs.org/object-assign set size:28988 disposed:false
297 silly fetch manifest node-ensure@^0.0.0
298 silly packumentCache full:https://registry.npmjs.org/node-ensure cache-miss
299 http fetch GET 200 https://registry.npmjs.org/sift 272ms (cache miss)
300 silly packumentCache full:https://registry.npmjs.org/sift set size:undefined disposed:false
301 silly fetch manifest pngjs@^5.0.0
302 silly packumentCache full:https://registry.npmjs.org/pngjs cache-miss
303 http fetch GET 200 https://registry.npmjs.org/busboy 254ms (cache miss)
304 silly packumentCache full:https://registry.npmjs.org/busboy set size:undefined disposed:false
305 silly fetch manifest yargs@^15.3.1
306 silly packumentCache full:https://registry.npmjs.org/yargs cache-miss
307 http fetch GET 200 https://registry.npmjs.org/pngjs 20ms (cache miss)
308 silly packumentCache full:https://registry.npmjs.org/pngjs set size:undefined disposed:false
309 silly fetch manifest dijkstrajs@^1.0.1
310 silly packumentCache full:https://registry.npmjs.org/dijkstrajs cache-miss
311 http fetch GET 200 https://registry.npmjs.org/dijkstrajs 17ms (cache miss)
312 silly packumentCache full:https://registry.npmjs.org/dijkstrajs set size:undefined disposed:false
313 silly fetch manifest accepts@~1.3.4
314 silly packumentCache full:https://registry.npmjs.org/accepts cache-miss
315 http fetch GET 200 https://registry.npmjs.org/accepts 1ms (cache hit)
316 silly packumentCache full:https://registry.npmjs.org/accepts set size:77054 disposed:false
317 silly fetch manifest base64id@~2.0.0
318 silly packumentCache full:https://registry.npmjs.org/base64id cache-miss
319 http fetch GET 200 https://registry.npmjs.org/yargs 34ms (cache miss)
320 silly packumentCache full:https://registry.npmjs.org/yargs set size:undefined disposed:false
321 silly fetch manifest debug@~4.4.1
322 silly packumentCache full:https://registry.npmjs.org/debug cache-miss
323 http fetch GET 200 https://registry.npmjs.org/debug 1ms (cache hit)
324 silly packumentCache full:https://registry.npmjs.org/debug set size:195840 disposed:false
325 silly fetch manifest engine.io@~6.6.0
326 silly packumentCache full:https://registry.npmjs.org/engine.io cache-miss
327 http fetch GET 200 https://registry.npmjs.org/append-field 252ms (cache miss)
328 silly packumentCache full:https://registry.npmjs.org/append-field set size:undefined disposed:false
329 silly fetch manifest socket.io-adapter@~2.5.2
330 silly packumentCache full:https://registry.npmjs.org/socket.io-adapter cache-miss
331 http fetch GET 200 https://registry.npmjs.org/kareem 713ms (cache miss)
332 silly packumentCache full:https://registry.npmjs.org/kareem set size:undefined disposed:false
333 silly fetch manifest socket.io-parser@~4.2.4
334 silly packumentCache full:https://registry.npmjs.org/socket.io-parser cache-miss
335 http fetch GET 200 https://registry.npmjs.org/node-ensure 257ms (cache miss)
336 silly packumentCache full:https://registry.npmjs.org/node-ensure set size:undefined disposed:false
337 http fetch GET 200 https://registry.npmjs.org/@xmldom%2fxmldom 1126ms (cache miss)
338 silly packumentCache full:https://registry.npmjs.org/@xmldom%2fxmldom set size:undefined disposed:false
339 http fetch GET 200 https://registry.npmjs.org/base64id 256ms (cache miss)
340 silly packumentCache full:https://registry.npmjs.org/base64id set size:undefined disposed:false
341 http fetch GET 200 https://registry.npmjs.org/socket.io-adapter 257ms (cache miss)
342 silly packumentCache full:https://registry.npmjs.org/socket.io-adapter set size:undefined disposed:false
343 http fetch GET 200 https://registry.npmjs.org/socket.io-parser 263ms (cache miss)
344 silly packumentCache full:https://registry.npmjs.org/socket.io-parser set size:undefined disposed:false
345 http fetch GET 200 https://registry.npmjs.org/concat-stream 728ms (cache miss)
346 silly packumentCache full:https://registry.npmjs.org/concat-stream set size:undefined disposed:false
347 http fetch GET 200 https://registry.npmjs.org/engine.io 712ms (cache miss)
348 silly packumentCache full:https://registry.npmjs.org/engine.io set size:undefined disposed:false
349 silly fetch manifest react@^18.3.1
350 silly packumentCache full:https://registry.npmjs.org/react cache-miss
351 http fetch GET 200 https://registry.npmjs.org/react 144ms (cache miss)
352 silly packumentCache full:https://registry.npmjs.org/react set size:undefined disposed:false
353 silly fetch manifest react-dom@^18.3.1
354 silly packumentCache full:https://registry.npmjs.org/react-dom cache-miss
355 http fetch GET 200 https://registry.npmjs.org/react-dom 149ms (cache miss)
356 silly packumentCache full:https://registry.npmjs.org/react-dom set size:undefined disposed:false
357 silly fetch manifest react-router-dom@^6.30.1
358 silly packumentCache full:https://registry.npmjs.org/react-router-dom cache-miss
359 http fetch GET 200 https://registry.npmjs.org/react-router-dom 90ms (cache miss)
360 silly packumentCache full:https://registry.npmjs.org/react-router-dom set size:undefined disposed:false
361 silly fetch manifest socket.io-client@^4.8.1
362 silly packumentCache full:https://registry.npmjs.org/socket.io-client cache-miss
363 http fetch GET 200 https://registry.npmjs.org/socket.io-client 30ms (cache miss)
364 silly packumentCache full:https://registry.npmjs.org/socket.io-client set size:undefined disposed:false
365 silly fetch manifest @vitejs/plugin-react@^4.3.4
366 silly packumentCache full:https://registry.npmjs.org/@vitejs%2fplugin-react cache-miss
367 http fetch GET 200 https://registry.npmjs.org/@vitejs%2fplugin-react 36ms (cache miss)
368 silly packumentCache full:https://registry.npmjs.org/@vitejs%2fplugin-react set size:undefined disposed:false
369 silly fetch manifest vite@^5.4.19
370 silly packumentCache full:https://registry.npmjs.org/vite cache-miss
371 http fetch GET 200 https://registry.npmjs.org/vite 1073ms (cache miss)
372 silly packumentCache full:https://registry.npmjs.org/vite set size:undefined disposed:false
373 silly fetch manifest @types/node@^18.0.0 || >=20.0.0
374 silly packumentCache full:https://registry.npmjs.org/@types%2fnode cache-miss
375 http fetch GET 200 https://registry.npmjs.org/@types%2fnode 162ms (cache miss)
376 silly packumentCache full:https://registry.npmjs.org/@types%2fnode set size:undefined disposed:false
377 silly fetch manifest less@*
378 silly packumentCache full:https://registry.npmjs.org/less cache-miss
379 http fetch GET 200 https://registry.npmjs.org/less 272ms (cache miss)
380 silly packumentCache full:https://registry.npmjs.org/less set size:undefined disposed:false
381 silly fetch manifest lightningcss@^1.21.0
382 silly packumentCache full:https://registry.npmjs.org/lightningcss cache-miss
383 http fetch GET 200 https://registry.npmjs.org/lightningcss 281ms (cache miss)
384 silly packumentCache full:https://registry.npmjs.org/lightningcss set size:undefined disposed:false
385 silly fetch manifest sass@*
386 silly packumentCache full:https://registry.npmjs.org/sass cache-miss
387 http fetch GET 200 https://registry.npmjs.org/sass 274ms (cache miss)
388 silly packumentCache full:https://registry.npmjs.org/sass set size:undefined disposed:false
389 silly fetch manifest sass-embedded@*
390 silly packumentCache full:https://registry.npmjs.org/sass-embedded cache-miss
391 http fetch GET 200 https://registry.npmjs.org/sass-embedded 731ms (cache miss)
392 silly packumentCache full:https://registry.npmjs.org/sass-embedded set size:undefined disposed:false
393 silly fetch manifest stylus@*
394 silly packumentCache full:https://registry.npmjs.org/stylus cache-miss
395 http fetch GET 200 https://registry.npmjs.org/stylus 254ms (cache miss)
396 silly packumentCache full:https://registry.npmjs.org/stylus set size:undefined disposed:false
397 silly fetch manifest sugarss@*
398 silly packumentCache full:https://registry.npmjs.org/sugarss cache-miss
399 http fetch GET 200 https://registry.npmjs.org/sugarss 261ms (cache miss)
400 silly packumentCache full:https://registry.npmjs.org/sugarss set size:undefined disposed:false
401 silly fetch manifest postcss@^8.3.3
402 silly packumentCache full:https://registry.npmjs.org/postcss cache-miss
403 http fetch GET 200 https://registry.npmjs.org/postcss 39ms (cache miss)
404 silly packumentCache full:https://registry.npmjs.org/postcss set size:undefined disposed:false
405 silly fetch manifest terser@^5.4.0
406 silly packumentCache full:https://registry.npmjs.org/terser cache-miss
407 http fetch GET 200 https://registry.npmjs.org/terser 41ms (cache miss)
408 silly packumentCache full:https://registry.npmjs.org/terser set size:undefined disposed:false
409 silly placeDep ROOT @vitejs/plugin-react@4.7.0 OK for: web-admin@1.0.0 want: ^4.3.4
410 silly placeDep ROOT vite@5.4.21 OK for: @vitejs/plugin-react@4.7.0 want: ^4.2.0 || ^5.0.0 || ^6.0.0 || ^7.0.0
411 silly placeDep ROOT react@18.3.1 OK for: web-admin@1.0.0 want: ^18.3.1
412 silly placeDep ROOT react-dom@18.3.1 OK for: web-admin@1.0.0 want: ^18.3.1
413 silly placeDep ROOT react-router-dom@6.30.3 OK for: web-admin@1.0.0 want: ^6.30.1
414 silly placeDep ROOT socket.io-client@4.8.3 OK for: web-admin@1.0.0 want: ^4.8.1
415 silly fetch manifest @babel/core@^7.28.0
416 silly packumentCache full:https://registry.npmjs.org/@babel%2fcore cache-miss
417 silly fetch manifest react-refresh@^0.17.0
418 silly packumentCache full:https://registry.npmjs.org/react-refresh cache-miss
419 silly fetch manifest @types/babel__core@^7.20.5
420 silly packumentCache full:https://registry.npmjs.org/@types%2fbabel__core cache-miss
421 silly fetch manifest @rolldown/pluginutils@1.0.0-beta.27
422 silly packumentCache full:https://registry.npmjs.org/@rolldown%2fpluginutils cache-miss
423 silly fetch manifest @babel/plugin-transform-react-jsx-self@^7.27.1
424 silly packumentCache full:https://registry.npmjs.org/@babel%2fplugin-transform-react-jsx-self cache-miss
425 silly fetch manifest @babel/plugin-transform-react-jsx-source@^7.27.1
426 silly packumentCache full:https://registry.npmjs.org/@babel%2fplugin-transform-react-jsx-source cache-miss
427 silly fetch manifest rollup@^4.20.0
428 silly packumentCache full:https://registry.npmjs.org/rollup cache-miss
429 http fetch GET 200 https://registry.npmjs.org/@babel%2fplugin-transform-react-jsx-self 37ms (cache miss)
430 silly packumentCache full:https://registry.npmjs.org/@babel%2fplugin-transform-react-jsx-self set size:undefined disposed:false
431 silly fetch manifest esbuild@^0.21.3
432 silly packumentCache full:https://registry.npmjs.org/esbuild cache-miss
433 http fetch GET 200 https://registry.npmjs.org/@babel%2fcore 49ms (cache miss)
434 silly packumentCache full:https://registry.npmjs.org/@babel%2fcore set size:undefined disposed:false
435 silly fetch manifest postcss@^8.4.43
436 silly packumentCache full:https://registry.npmjs.org/postcss cache-miss
437 http fetch GET 200 https://registry.npmjs.org/postcss 2ms (cache hit)
438 silly packumentCache full:https://registry.npmjs.org/postcss set size:708244 disposed:false
439 silly fetch manifest fsevents@~2.3.3
440 silly packumentCache full:https://registry.npmjs.org/fsevents cache-miss
441 http fetch GET 200 https://registry.npmjs.org/fsevents 25ms (cache miss)
442 silly packumentCache full:https://registry.npmjs.org/fsevents set size:undefined disposed:false
443 silly fetch manifest loose-envify@^1.1.0
444 silly packumentCache full:https://registry.npmjs.org/loose-envify cache-miss
445 http fetch GET 200 https://registry.npmjs.org/rollup 106ms (cache miss)
446 silly packumentCache full:https://registry.npmjs.org/rollup set size:undefined disposed:false
447 silly fetch manifest scheduler@^0.23.2
448 silly packumentCache full:https://registry.npmjs.org/scheduler cache-miss
449 http fetch GET 200 https://registry.npmjs.org/loose-envify 271ms (cache miss)
450 silly packumentCache full:https://registry.npmjs.org/loose-envify set size:undefined disposed:false
451 silly fetch manifest react-router@6.30.3
452 silly packumentCache full:https://registry.npmjs.org/react-router cache-miss
453 http fetch GET 200 https://registry.npmjs.org/react-refresh 377ms (cache miss)
454 silly packumentCache full:https://registry.npmjs.org/react-refresh set size:undefined disposed:false
455 silly fetch manifest @remix-run/router@1.23.2
456 silly packumentCache full:https://registry.npmjs.org/@remix-run%2frouter cache-miss
457 http fetch GET 200 https://registry.npmjs.org/@types%2fbabel__core 491ms (cache miss)
458 silly packumentCache full:https://registry.npmjs.org/@types%2fbabel__core set size:undefined disposed:false
459 silly fetch manifest @socket.io/component-emitter@~3.1.0
460 silly packumentCache full:https://registry.npmjs.org/@socket.io%2fcomponent-emitter cache-miss
461 http fetch GET 200 https://registry.npmjs.org/@rolldown%2fpluginutils 519ms (cache miss)
462 silly packumentCache full:https://registry.npmjs.org/@rolldown%2fpluginutils set size:undefined disposed:false
463 silly fetch manifest engine.io-client@~6.6.1
464 silly packumentCache full:https://registry.npmjs.org/engine.io-client cache-miss
465 http fetch GET 200 https://registry.npmjs.org/scheduler 373ms (cache miss)
466 silly packumentCache full:https://registry.npmjs.org/scheduler set size:undefined disposed:false
467 http fetch GET 200 https://registry.npmjs.org/@babel%2fplugin-transform-react-jsx-source 547ms (cache miss)
468 silly packumentCache full:https://registry.npmjs.org/@babel%2fplugin-transform-react-jsx-source set size:undefined disposed:false
469 http fetch GET 200 https://registry.npmjs.org/react-router 331ms (cache miss)
470 silly packumentCache full:https://registry.npmjs.org/react-router set size:undefined disposed:false
471 http fetch GET 200 https://registry.npmjs.org/esbuild 771ms (cache miss)
472 silly packumentCache full:https://registry.npmjs.org/esbuild set size:undefined disposed:false
473 http fetch GET 200 https://registry.npmjs.org/@remix-run%2frouter 679ms (cache miss)
474 silly packumentCache full:https://registry.npmjs.org/@remix-run%2frouter set size:undefined disposed:false
475 http fetch GET 200 https://registry.npmjs.org/@socket.io%2fcomponent-emitter 647ms (cache miss)
476 silly packumentCache full:https://registry.npmjs.org/@socket.io%2fcomponent-emitter set size:undefined disposed:false
477 http fetch GET 200 https://registry.npmjs.org/engine.io-client 715ms (cache miss)
478 silly packumentCache full:https://registry.npmjs.org/engine.io-client set size:undefined disposed:false
479 silly fetch manifest @google/genai@^1.16.0
480 silly packumentCache full:https://registry.npmjs.org/@google%2fgenai cache-miss
481 http fetch GET 200 https://registry.npmjs.org/@google%2fgenai 31ms (cache miss)
482 silly packumentCache full:https://registry.npmjs.org/@google%2fgenai set size:undefined disposed:false
483 silly fetch manifest @modelcontextprotocol/sdk@^1.25.2
484 silly packumentCache full:https://registry.npmjs.org/@modelcontextprotocol%2fsdk cache-miss
485 http fetch GET 200 https://registry.npmjs.org/@modelcontextprotocol%2fsdk 416ms (cache miss)
486 silly packumentCache full:https://registry.npmjs.org/@modelcontextprotocol%2fsdk set size:undefined disposed:false
487 silly fetch manifest @cfworker/json-schema@^4.1.1
488 silly packumentCache full:https://registry.npmjs.org/@cfworker%2fjson-schema cache-miss
489 http fetch GET 200 https://registry.npmjs.org/@cfworker%2fjson-schema 408ms (cache miss)
490 silly packumentCache full:https://registry.npmjs.org/@cfworker%2fjson-schema set size:undefined disposed:false
491 silly placeDep ROOT @google/genai@1.50.1 OK for: ai-orchestrator@1.0.0 want: ^1.16.0
492 silly fetch manifest google-auth-library@^10.3.0
493 silly packumentCache full:https://registry.npmjs.org/google-auth-library cache-miss
494 silly fetch manifest p-retry@^4.6.2
495 silly packumentCache full:https://registry.npmjs.org/p-retry cache-miss
496 silly fetch manifest protobufjs@^7.5.4
497 silly packumentCache full:https://registry.npmjs.org/protobufjs cache-miss
498 silly fetch manifest ws@^8.18.0
499 silly packumentCache full:https://registry.npmjs.org/ws cache-miss
500 http fetch GET 200 https://registry.npmjs.org/ws 33ms (cache miss)
501 silly packumentCache full:https://registry.npmjs.org/ws set size:undefined disposed:false
502 http fetch GET 200 https://registry.npmjs.org/p-retry 255ms (cache miss)
503 silly packumentCache full:https://registry.npmjs.org/p-retry set size:undefined disposed:false
504 http fetch GET 200 https://registry.npmjs.org/google-auth-library 262ms (cache miss)
505 silly packumentCache full:https://registry.npmjs.org/google-auth-library set size:undefined disposed:false
506 http fetch GET 200 https://registry.npmjs.org/protobufjs 271ms (cache miss)
507 silly packumentCache full:https://registry.npmjs.org/protobufjs set size:undefined disposed:false
508 silly fetch manifest bufferutil@^4.0.1
509 silly packumentCache full:https://registry.npmjs.org/bufferutil cache-miss
510 http fetch GET 200 https://registry.npmjs.org/bufferutil 18ms (cache miss)
511 silly packumentCache full:https://registry.npmjs.org/bufferutil set size:undefined disposed:false
512 silly fetch manifest utf-8-validate@>=5.0.2
513 silly packumentCache full:https://registry.npmjs.org/utf-8-validate cache-miss
514 http fetch GET 200 https://registry.npmjs.org/utf-8-validate 26ms (cache miss)
515 silly packumentCache full:https://registry.npmjs.org/utf-8-validate set size:undefined disposed:false
516 silly placeDep ROOT google-auth-library@10.6.2 OK for: @google/genai@1.50.1 want: ^10.3.0
517 silly placeDep ROOT p-retry@4.6.2 OK for: @google/genai@1.50.1 want: ^4.6.2
518 silly placeDep ROOT protobufjs@7.5.5 OK for: @google/genai@1.50.1 want: ^7.5.4
519 silly placeDep ROOT ws@8.20.0 OK for: @google/genai@1.50.1 want: ^8.18.0
520 silly fetch manifest base64-js@^1.3.0
521 silly packumentCache full:https://registry.npmjs.org/base64-js cache-miss
522 silly fetch manifest ecdsa-sig-formatter@^1.0.11
523 silly packumentCache full:https://registry.npmjs.org/ecdsa-sig-formatter cache-miss
524 silly fetch manifest gaxios@^7.1.4
525 silly packumentCache full:https://registry.npmjs.org/gaxios cache-miss
526 silly fetch manifest gcp-metadata@8.1.2
527 silly packumentCache full:https://registry.npmjs.org/gcp-metadata cache-miss
528 silly fetch manifest google-logging-utils@1.1.3
529 silly packumentCache full:https://registry.npmjs.org/google-logging-utils cache-miss
530 silly fetch manifest jws@^4.0.0
531 silly packumentCache full:https://registry.npmjs.org/jws cache-miss
532 silly fetch manifest retry@^0.13.1
533 silly packumentCache full:https://registry.npmjs.org/retry cache-miss
534 http fetch GET 200 https://registry.npmjs.org/base64-js 5ms (cache hit)
535 silly packumentCache full:https://registry.npmjs.org/base64-js set size:41270 disposed:false
536 silly fetch manifest @types/retry@0.12.0
537 silly packumentCache full:https://registry.npmjs.org/@types%2fretry cache-miss
538 http fetch GET 200 https://registry.npmjs.org/retry 20ms (cache miss)
539 silly packumentCache full:https://registry.npmjs.org/retry set size:undefined disposed:false
540 silly fetch manifest @protobufjs/aspromise@^1.1.2
541 silly packumentCache full:https://registry.npmjs.org/@protobufjs%2faspromise cache-miss
542 http fetch GET 200 https://registry.npmjs.org/jws 253ms (cache miss)
543 silly packumentCache full:https://registry.npmjs.org/jws set size:undefined disposed:false
544 silly fetch manifest @protobufjs/base64@^1.1.2
545 silly packumentCache full:https://registry.npmjs.org/@protobufjs%2fbase64 cache-miss
546 http fetch GET 200 https://registry.npmjs.org/google-logging-utils 257ms (cache miss)
547 silly packumentCache full:https://registry.npmjs.org/google-logging-utils set size:undefined disposed:false
548 silly fetch manifest @protobufjs/codegen@^2.0.4
549 silly packumentCache full:https://registry.npmjs.org/@protobufjs%2fcodegen cache-miss
550 http fetch GET 200 https://registry.npmjs.org/ecdsa-sig-formatter 258ms (cache miss)
551 silly packumentCache full:https://registry.npmjs.org/ecdsa-sig-formatter set size:undefined disposed:false
552 silly fetch manifest @protobufjs/eventemitter@^1.1.0
553 silly packumentCache full:https://registry.npmjs.org/@protobufjs%2feventemitter cache-miss
554 http fetch GET 200 https://registry.npmjs.org/gcp-metadata 261ms (cache miss)
555 silly packumentCache full:https://registry.npmjs.org/gcp-metadata set size:undefined disposed:false
556 silly fetch manifest @protobufjs/fetch@^1.1.0
557 silly packumentCache full:https://registry.npmjs.org/@protobufjs%2ffetch cache-miss
558 http fetch GET 200 https://registry.npmjs.org/gaxios 271ms (cache miss)
559 silly packumentCache full:https://registry.npmjs.org/gaxios set size:undefined disposed:false
560 silly fetch manifest @protobufjs/float@^1.0.2
561 silly packumentCache full:https://registry.npmjs.org/@protobufjs%2ffloat cache-miss
562 http fetch GET 200 https://registry.npmjs.org/@types%2fretry 506ms (cache miss)
563 silly packumentCache full:https://registry.npmjs.org/@types%2fretry set size:undefined disposed:false
564 silly fetch manifest @protobufjs/inquire@^1.1.0
565 silly packumentCache full:https://registry.npmjs.org/@protobufjs%2finquire cache-miss
566 http fetch GET 200 https://registry.npmjs.org/@protobufjs%2fbase64 506ms (cache miss)
567 silly packumentCache full:https://registry.npmjs.org/@protobufjs%2fbase64 set size:undefined disposed:false
568 silly fetch manifest @protobufjs/path@^1.1.2
569 silly packumentCache full:https://registry.npmjs.org/@protobufjs%2fpath cache-miss
570 http fetch GET 200 https://registry.npmjs.org/@protobufjs%2feventemitter 504ms (cache miss)
571 silly packumentCache full:https://registry.npmjs.org/@protobufjs%2feventemitter set size:undefined disposed:false
572 silly fetch manifest @protobufjs/pool@^1.1.0
573 silly packumentCache full:https://registry.npmjs.org/@protobufjs%2fpool cache-miss
574 http fetch GET 200 https://registry.npmjs.org/@protobufjs%2ffetch 512ms (cache miss)
575 silly packumentCache full:https://registry.npmjs.org/@protobufjs%2ffetch set size:undefined disposed:false
576 silly fetch manifest @protobufjs/utf8@^1.1.0
577 silly packumentCache full:https://registry.npmjs.org/@protobufjs%2futf8 cache-miss
578 http fetch GET 200 https://registry.npmjs.org/@protobufjs%2ffloat 515ms (cache miss)
579 silly packumentCache full:https://registry.npmjs.org/@protobufjs%2ffloat set size:undefined disposed:false
580 silly fetch manifest @types/node@>=13.7.0
581 silly packumentCache full:https://registry.npmjs.org/@types%2fnode cache-miss
582 http fetch GET 200 https://registry.npmjs.org/@types%2fnode 11ms (cache hit)
583 silly packumentCache full:https://registry.npmjs.org/@types%2fnode set size:10972342 disposed:false
584 silly fetch manifest long@^5.0.0
585 silly packumentCache full:https://registry.npmjs.org/long cache-miss
586 http fetch GET 200 https://registry.npmjs.org/@protobufjs%2fcodegen 661ms (cache miss)
587 silly packumentCache full:https://registry.npmjs.org/@protobufjs%2fcodegen set size:undefined disposed:false
588 http fetch GET 200 https://registry.npmjs.org/@protobufjs%2finquire 504ms (cache miss)
589 silly packumentCache full:https://registry.npmjs.org/@protobufjs%2finquire set size:undefined disposed:false
590 http fetch GET 200 https://registry.npmjs.org/long 265ms (cache miss)
591 silly packumentCache full:https://registry.npmjs.org/long set size:undefined disposed:false
592 http fetch GET 200 https://registry.npmjs.org/@protobufjs%2faspromise 1100ms (cache miss)
593 silly packumentCache full:https://registry.npmjs.org/@protobufjs%2faspromise set size:undefined disposed:false
594 http fetch GET 200 https://registry.npmjs.org/@protobufjs%2fpool 519ms (cache miss)
595 silly packumentCache full:https://registry.npmjs.org/@protobufjs%2fpool set size:undefined disposed:false
596 http fetch GET 200 https://registry.npmjs.org/@protobufjs%2futf8 507ms (cache miss)
597 silly packumentCache full:https://registry.npmjs.org/@protobufjs%2futf8 set size:undefined disposed:false
598 http fetch GET 200 https://registry.npmjs.org/@protobufjs%2fpath 523ms (cache miss)
599 silly packumentCache full:https://registry.npmjs.org/@protobufjs%2fpath set size:undefined disposed:false
600 silly placeDep ROOT @babel/core@7.29.0 OK for: @vitejs/plugin-react@4.7.0 want: ^7.28.0
601 silly placeDep ROOT @babel/plugin-transform-react-jsx-self@7.27.1 OK for: @vitejs/plugin-react@4.7.0 want: ^7.27.1
602 silly placeDep ROOT @babel/plugin-transform-react-jsx-source@7.27.1 OK for: @vitejs/plugin-react@4.7.0 want: ^7.27.1
603 silly placeDep ROOT @rolldown/pluginutils@1.0.0-beta.27 OK for: @vitejs/plugin-react@4.7.0 want: 1.0.0-beta.27
604 silly placeDep ROOT @types/babel__core@7.20.5 OK for: @vitejs/plugin-react@4.7.0 want: ^7.20.5
605 silly placeDep ROOT react-refresh@0.17.0 OK for: @vitejs/plugin-react@4.7.0 want: ^0.17.0
606 silly fetch manifest debug@^4.1.0
607 silly packumentCache full:https://registry.npmjs.org/debug cache-hit
608 silly fetch manifest json5@^2.2.3
609 silly packumentCache full:https://registry.npmjs.org/json5 cache-miss
610 silly fetch manifest semver@^6.3.1
611 silly packumentCache full:https://registry.npmjs.org/semver cache-miss
612 silly fetch manifest gensync@^1.0.0-beta.2
613 silly packumentCache full:https://registry.npmjs.org/gensync cache-miss
614 silly fetch manifest @babel/types@^7.29.0
615 silly packumentCache full:https://registry.npmjs.org/@babel%2ftypes cache-miss
616 silly fetch manifest @babel/parser@^7.29.0
617 silly packumentCache full:https://registry.npmjs.org/@babel%2fparser cache-miss
618 silly fetch manifest @babel/helpers@^7.28.6
619 silly packumentCache full:https://registry.npmjs.org/@babel%2fhelpers cache-miss
620 silly fetch manifest @babel/template@^7.28.6
621 silly packumentCache full:https://registry.npmjs.org/@babel%2ftemplate cache-miss
622 http fetch GET 200 https://registry.npmjs.org/semver 29ms (cache miss)
623 silly packumentCache full:https://registry.npmjs.org/semver set size:undefined disposed:false
624 silly fetch manifest @babel/traverse@^7.29.0
625 silly packumentCache full:https://registry.npmjs.org/@babel%2ftraverse cache-miss
626 http fetch GET 200 https://registry.npmjs.org/json5 259ms (cache miss)
627 silly packumentCache full:https://registry.npmjs.org/json5 set size:undefined disposed:false
628 silly fetch manifest @babel/generator@^7.29.0
629 silly packumentCache full:https://registry.npmjs.org/@babel%2fgenerator cache-miss
630 http fetch GET 200 https://registry.npmjs.org/gensync 270ms (cache miss)
631 silly packumentCache full:https://registry.npmjs.org/gensync set size:undefined disposed:false
632 silly fetch manifest @babel/code-frame@^7.29.0
633 silly packumentCache full:https://registry.npmjs.org/@babel%2fcode-frame cache-miss
634 http fetch GET 200 https://registry.npmjs.org/@babel%2ftypes 278ms (cache miss)
635 silly packumentCache full:https://registry.npmjs.org/@babel%2ftypes set size:undefined disposed:false
636 silly fetch manifest convert-source-map@^2.0.0
637 silly packumentCache full:https://registry.npmjs.org/convert-source-map cache-miss
638 http fetch GET 200 https://registry.npmjs.org/@babel%2fparser 506ms (cache miss)
639 silly packumentCache full:https://registry.npmjs.org/@babel%2fparser set size:undefined disposed:false
640 silly fetch manifest @jridgewell/remapping@^2.3.5
641 silly packumentCache full:https://registry.npmjs.org/@jridgewell%2fremapping cache-miss
642 http fetch GET 200 https://registry.npmjs.org/@babel%2ftemplate 511ms (cache miss)
643 silly packumentCache full:https://registry.npmjs.org/@babel%2ftemplate set size:undefined disposed:false
644 silly fetch manifest @babel/helper-module-transforms@^7.28.6
645 silly packumentCache full:https://registry.npmjs.org/@babel%2fhelper-module-transforms cache-miss
646 http fetch GET 200 https://registry.npmjs.org/@babel%2fhelpers 514ms (cache miss)
647 silly packumentCache full:https://registry.npmjs.org/@babel%2fhelpers set size:undefined disposed:false
648 silly fetch manifest @babel/helper-compilation-targets@^7.28.6
649 silly packumentCache full:https://registry.npmjs.org/@babel%2fhelper-compilation-targets cache-miss
650 http fetch GET 200 https://registry.npmjs.org/convert-source-map 246ms (cache miss)
651 silly packumentCache full:https://registry.npmjs.org/convert-source-map set size:undefined disposed:false
652 silly fetch manifest @babel/helper-plugin-utils@^7.27.1
653 silly packumentCache full:https://registry.npmjs.org/@babel%2fhelper-plugin-utils cache-miss
654 http fetch GET 200 https://registry.npmjs.org/@babel%2fgenerator 497ms (cache miss)
655 silly packumentCache full:https://registry.npmjs.org/@babel%2fgenerator set size:undefined disposed:false
656 silly fetch manifest @babel/helper-plugin-utils@^7.27.1
657 silly packumentCache full:https://registry.npmjs.org/@babel%2fhelper-plugin-utils cache-miss
658 http fetch GET 200 https://registry.npmjs.org/@babel%2fcode-frame 503ms (cache miss)
659 silly packumentCache full:https://registry.npmjs.org/@babel%2fcode-frame set size:undefined disposed:false
660 silly fetch manifest @babel/types@^7.20.7
661 silly packumentCache full:https://registry.npmjs.org/@babel%2ftypes cache-miss
662 http fetch GET 200 https://registry.npmjs.org/@babel%2ftypes 2ms (cache hit)
663 silly packumentCache full:https://registry.npmjs.org/@babel%2ftypes set size:487885 disposed:false
664 silly fetch manifest @babel/parser@^7.20.7
665 silly packumentCache full:https://registry.npmjs.org/@babel%2fparser cache-miss
666 http fetch GET 200 https://registry.npmjs.org/@babel%2fparser 1ms (cache hit)
667 silly packumentCache full:https://registry.npmjs.org/@babel%2fparser set size:718758 disposed:false
668 silly fetch manifest @types/babel__template@*
669 silly packumentCache full:https://registry.npmjs.org/@types%2fbabel__template cache-miss
670 http fetch GET 200 https://registry.npmjs.org/@babel%2ftraverse 951ms (cache miss)
671 silly packumentCache full:https://registry.npmjs.org/@babel%2ftraverse set size:undefined disposed:false
672 silly fetch manifest @types/babel__traverse@*
673 silly packumentCache full:https://registry.npmjs.org/@types%2fbabel__traverse cache-miss
674 http fetch GET 200 https://registry.npmjs.org/@babel%2fhelper-module-transforms 512ms (cache miss)
675 silly packumentCache full:https://registry.npmjs.org/@babel%2fhelper-module-transforms set size:undefined disposed:false
676 silly fetch manifest @types/babel__generator@*
677 silly packumentCache full:https://registry.npmjs.org/@types%2fbabel__generator cache-miss
678 http fetch GET 200 https://registry.npmjs.org/@babel%2fhelper-plugin-utils 500ms (cache miss)
679 silly packumentCache full:https://registry.npmjs.org/@babel%2fhelper-plugin-utils set size:undefined disposed:false
680 http fetch GET 200 https://registry.npmjs.org/@babel%2fhelper-plugin-utils 281ms (cache miss)
681 silly packumentCache full:https://registry.npmjs.org/@babel%2fhelper-plugin-utils set size:undefined disposed:false
682 http fetch GET 200 https://registry.npmjs.org/@jridgewell%2fremapping 643ms (cache miss)
683 silly packumentCache full:https://registry.npmjs.org/@jridgewell%2fremapping set size:undefined disposed:false
684 http fetch GET 200 https://registry.npmjs.org/@types%2fbabel__template 545ms (cache miss)
685 silly packumentCache full:https://registry.npmjs.org/@types%2fbabel__template set size:undefined disposed:false
686 http fetch GET 200 https://registry.npmjs.org/@types%2fbabel__traverse 493ms (cache miss)
687 silly packumentCache full:https://registry.npmjs.org/@types%2fbabel__traverse set size:undefined disposed:false
688 http fetch GET 200 https://registry.npmjs.org/@babel%2fhelper-compilation-targets 967ms (cache miss)
689 silly packumentCache full:https://registry.npmjs.org/@babel%2fhelper-compilation-targets set size:undefined disposed:false
690 http fetch GET 200 https://registry.npmjs.org/@types%2fbabel__generator 492ms (cache miss)
691 silly packumentCache full:https://registry.npmjs.org/@types%2fbabel__generator set size:undefined disposed:false
692 silly fetch manifest @babel/core@^7.0.0
693 silly packumentCache full:https://registry.npmjs.org/@babel%2fcore cache-miss
694 http fetch GET 200 https://registry.npmjs.org/@babel%2fcore 2ms (cache hit)
695 silly packumentCache full:https://registry.npmjs.org/@babel%2fcore set size:760113 disposed:false
696 silly placeDep ROOT @babel/code-frame@7.29.0 OK for: @babel/core@7.29.0 want: ^7.29.0
697 silly placeDep ROOT @babel/generator@7.29.1 OK for: @babel/core@7.29.0 want: ^7.29.0
698 silly placeDep ROOT @babel/helper-compilation-targets@7.28.6 OK for: @babel/core@7.29.0 want: ^7.28.6
699 silly placeDep ROOT @babel/helper-module-transforms@7.28.6 OK for: @babel/core@7.29.0 want: ^7.28.6
700 silly placeDep ROOT @babel/helpers@7.29.2 OK for: @babel/core@7.29.0 want: ^7.28.6
701 silly placeDep ROOT @babel/parser@7.29.2 OK for: @babel/core@7.29.0 want: ^7.29.0
702 silly placeDep ROOT @babel/template@7.28.6 OK for: @babel/core@7.29.0 want: ^7.28.6
703 silly placeDep ROOT @babel/traverse@7.29.0 OK for: @babel/core@7.29.0 want: ^7.29.0
704 silly placeDep ROOT @babel/types@7.29.0 OK for: @babel/core@7.29.0 want: ^7.29.0
705 silly placeDep ROOT @jridgewell/remapping@2.3.5 OK for: @babel/core@7.29.0 want: ^2.3.5
706 silly placeDep ROOT convert-source-map@2.0.0 OK for: @babel/core@7.29.0 want: ^2.0.0
707 silly placeDep ROOT debug@4.4.3 OK for: @babel/core@7.29.0 want: ^4.1.0
708 silly placeDep ROOT gensync@1.0.0-beta.2 OK for: @babel/core@7.29.0 want: ^1.0.0-beta.2
709 silly placeDep ROOT json5@2.2.3 OK for: @babel/core@7.29.0 want: ^2.2.3
710 silly placeDep ROOT semver@6.3.1 OK for: @babel/core@7.29.0 want: ^6.3.1
711 silly fetch manifest js-tokens@^4.0.0
712 silly packumentCache full:https://registry.npmjs.org/js-tokens cache-miss
713 silly fetch manifest picocolors@^1.1.1
714 silly packumentCache full:https://registry.npmjs.org/picocolors cache-miss
715 silly fetch manifest @babel/helper-validator-identifier@^7.28.5
716 silly packumentCache full:https://registry.npmjs.org/@babel%2fhelper-validator-identifier cache-miss
717 silly fetch manifest jsesc@^3.0.2
718 silly packumentCache full:https://registry.npmjs.org/jsesc cache-miss
719 silly fetch manifest @jridgewell/gen-mapping@^0.3.12
720 silly packumentCache full:https://registry.npmjs.org/@jridgewell%2fgen-mapping cache-miss
721 silly fetch manifest @jridgewell/trace-mapping@^0.3.28
722 silly packumentCache full:https://registry.npmjs.org/@jridgewell%2ftrace-mapping cache-miss
723 silly fetch manifest lru-cache@^5.1.1
724 silly packumentCache full:https://registry.npmjs.org/lru-cache cache-miss
725 http fetch GET 200 https://registry.npmjs.org/picocolors 23ms (cache miss)
726 silly packumentCache full:https://registry.npmjs.org/picocolors set size:undefined disposed:false
727 silly fetch manifest browserslist@^4.24.0
728 silly packumentCache full:https://registry.npmjs.org/browserslist cache-miss
729 http fetch GET 200 https://registry.npmjs.org/lru-cache 35ms (cache miss)
730 silly packumentCache full:https://registry.npmjs.org/lru-cache set size:undefined disposed:false
731 silly fetch manifest @babel/compat-data@^7.28.6
732 silly packumentCache full:https://registry.npmjs.org/@babel%2fcompat-data cache-miss
733 http fetch GET 200 https://registry.npmjs.org/browserslist 28ms (cache miss)
734 silly packumentCache full:https://registry.npmjs.org/browserslist set size:undefined disposed:false
735 silly fetch manifest @babel/helper-validator-option@^7.27.1
736 silly packumentCache full:https://registry.npmjs.org/@babel%2fhelper-validator-option cache-miss
737 http fetch GET 200 https://registry.npmjs.org/jsesc 262ms (cache miss)
738 silly packumentCache full:https://registry.npmjs.org/jsesc set size:undefined disposed:false
739 silly fetch manifest @babel/traverse@^7.28.6
740 silly packumentCache full:https://registry.npmjs.org/@babel%2ftraverse cache-miss
741 http fetch GET 200 https://registry.npmjs.org/js-tokens 263ms (cache miss)
742 silly packumentCache full:https://registry.npmjs.org/js-tokens set size:undefined disposed:false
743 silly fetch manifest @babel/helper-module-imports@^7.28.6
744 silly packumentCache full:https://registry.npmjs.org/@babel%2fhelper-module-imports cache-miss
745 http fetch GET 200 https://registry.npmjs.org/@babel%2ftraverse 3ms (cache hit)
746 silly packumentCache full:https://registry.npmjs.org/@babel%2ftraverse set size:548722 disposed:false
747 silly fetch manifest @babel/helper-validator-identifier@^7.28.5
748 silly packumentCache full:https://registry.npmjs.org/@babel%2fhelper-validator-identifier cache-miss
749 http fetch GET 200 https://registry.npmjs.org/@babel%2fhelper-validator-identifier 245ms (cache miss)
750 silly packumentCache full:https://registry.npmjs.org/@babel%2fhelper-validator-identifier set size:undefined disposed:false
751 silly fetch manifest @babel/types@^7.28.6
752 silly packumentCache full:https://registry.npmjs.org/@babel%2ftypes cache-hit
753 silly fetch manifest debug@^4.3.1
754 silly packumentCache full:https://registry.npmjs.org/debug cache-hit
755 silly fetch manifest @babel/helper-globals@^7.28.0
756 silly packumentCache full:https://registry.npmjs.org/@babel%2fhelper-globals cache-miss
757 http fetch GET 200 https://registry.npmjs.org/@babel%2fhelper-validator-identifier 516ms (cache miss)
758 silly packumentCache full:https://registry.npmjs.org/@babel%2fhelper-validator-identifier set size:undefined disposed:false
759 silly fetch manifest @babel/helper-string-parser@^7.27.1
760 silly packumentCache full:https://registry.npmjs.org/@babel%2fhelper-string-parser cache-miss
761 http fetch GET 200 https://registry.npmjs.org/@jridgewell%2fgen-mapping 516ms (cache miss)
762 silly packumentCache full:https://registry.npmjs.org/@jridgewell%2fgen-mapping set size:undefined disposed:false
763 silly fetch manifest @jridgewell/gen-mapping@^0.3.5
764 silly packumentCache full:https://registry.npmjs.org/@jridgewell%2fgen-mapping cache-miss
765 http fetch GET 200 https://registry.npmjs.org/@jridgewell%2ftrace-mapping 518ms (cache miss)
766 silly packumentCache full:https://registry.npmjs.org/@jridgewell%2ftrace-mapping set size:undefined disposed:false
767 silly fetch manifest @jridgewell/trace-mapping@^0.3.24
768 silly packumentCache full:https://registry.npmjs.org/@jridgewell%2ftrace-mapping cache-miss
769 http fetch GET 200 https://registry.npmjs.org/@jridgewell%2fgen-mapping 4ms (cache hit)
770 silly packumentCache full:https://registry.npmjs.org/@jridgewell%2fgen-mapping set size:80719 disposed:false
771 silly fetch manifest ms@^2.1.3
772 silly packumentCache full:https://registry.npmjs.org/ms cache-miss
773 http fetch GET 200 https://registry.npmjs.org/@jridgewell%2ftrace-mapping 4ms (cache hit)
774 silly packumentCache full:https://registry.npmjs.org/@jridgewell%2ftrace-mapping set size:170909 disposed:false
775 http fetch GET 200 https://registry.npmjs.org/ms 2ms (cache hit)
776 silly packumentCache full:https://registry.npmjs.org/ms set size:92208 disposed:false
777 http fetch GET 200 https://registry.npmjs.org/@babel%2fcompat-data 494ms (cache miss)
778 silly packumentCache full:https://registry.npmjs.org/@babel%2fcompat-data set size:undefined disposed:false
779 http fetch GET 200 https://registry.npmjs.org/@babel%2fhelper-validator-option 494ms (cache miss)
780 silly packumentCache full:https://registry.npmjs.org/@babel%2fhelper-validator-option set size:undefined disposed:false
781 http fetch GET 200 https://registry.npmjs.org/@babel%2fhelper-module-imports 678ms (cache miss)
782 silly packumentCache full:https://registry.npmjs.org/@babel%2fhelper-module-imports set size:undefined disposed:false
783 http fetch GET 200 https://registry.npmjs.org/@babel%2fhelper-string-parser 493ms (cache miss)
784 silly packumentCache full:https://registry.npmjs.org/@babel%2fhelper-string-parser set size:undefined disposed:false
785 http fetch GET 200 https://registry.npmjs.org/@babel%2fhelper-globals 507ms (cache miss)
786 silly packumentCache full:https://registry.npmjs.org/@babel%2fhelper-globals set size:undefined disposed:false
787 silly placeDep ROOT @babel/helper-validator-identifier@7.28.5 OK for: @babel/code-frame@7.29.0 want: ^7.28.5
788 silly placeDep ROOT js-tokens@4.0.0 OK for: @babel/code-frame@7.29.0 want: ^4.0.0
789 silly placeDep ROOT picocolors@1.1.1 OK for: @babel/code-frame@7.29.0 want: ^1.1.1
790 silly placeDep ROOT @jridgewell/gen-mapping@0.3.13 OK for: @babel/generator@7.29.1 want: ^0.3.12
791 silly placeDep ROOT @jridgewell/trace-mapping@0.3.31 OK for: @babel/generator@7.29.1 want: ^0.3.28
792 silly placeDep ROOT jsesc@3.1.0 OK for: @babel/generator@7.29.1 want: ^3.0.2
793 silly fetch manifest @jridgewell/sourcemap-codec@^1.5.0
794 silly packumentCache full:https://registry.npmjs.org/@jridgewell%2fsourcemap-codec cache-miss
795 silly fetch manifest @jridgewell/resolve-uri@^3.1.0
796 silly packumentCache full:https://registry.npmjs.org/@jridgewell%2fresolve-uri cache-miss
797 silly fetch manifest @jridgewell/sourcemap-codec@^1.4.14
798 silly packumentCache full:https://registry.npmjs.org/@jridgewell%2fsourcemap-codec cache-miss
799 http fetch GET 200 https://registry.npmjs.org/@jridgewell%2fresolve-uri 502ms (cache miss)
800 silly packumentCache full:https://registry.npmjs.org/@jridgewell%2fresolve-uri set size:undefined disposed:false
801 http fetch GET 200 https://registry.npmjs.org/@jridgewell%2fsourcemap-codec 671ms (cache miss)
802 silly packumentCache full:https://registry.npmjs.org/@jridgewell%2fsourcemap-codec set size:undefined disposed:false
803 http fetch GET 200 https://registry.npmjs.org/@jridgewell%2fsourcemap-codec 670ms (cache miss)
804 silly packumentCache full:https://registry.npmjs.org/@jridgewell%2fsourcemap-codec set size:undefined disposed:false
805 silly placeDep ROOT @babel/compat-data@7.29.0 OK for: @babel/helper-compilation-targets@7.28.6 want: ^7.28.6
806 silly placeDep ROOT @babel/helper-validator-option@7.27.1 OK for: @babel/helper-compilation-targets@7.28.6 want: ^7.27.1
807 silly placeDep ROOT browserslist@4.28.2 OK for: @babel/helper-compilation-targets@7.28.6 want: ^4.24.0
808 silly placeDep ROOT lru-cache@5.1.1 OK for: @babel/helper-compilation-targets@7.28.6 want: ^5.1.1
809 silly fetch manifest baseline-browser-mapping@^2.10.12
810 silly packumentCache full:https://registry.npmjs.org/baseline-browser-mapping cache-miss
811 silly fetch manifest caniuse-lite@^1.0.30001782
812 silly packumentCache full:https://registry.npmjs.org/caniuse-lite cache-miss
813 silly fetch manifest electron-to-chromium@^1.5.328
814 silly packumentCache full:https://registry.npmjs.org/electron-to-chromium cache-miss
815 silly fetch manifest node-releases@^2.0.36
816 silly packumentCache full:https://registry.npmjs.org/node-releases cache-miss
817 silly fetch manifest update-browserslist-db@^1.2.3
818 silly packumentCache full:https://registry.npmjs.org/update-browserslist-db cache-miss
819 silly fetch manifest yallist@^3.0.2
820 silly packumentCache full:https://registry.npmjs.org/yallist cache-miss
821 http fetch GET 200 https://registry.npmjs.org/yallist 23ms (cache miss)
822 silly packumentCache full:https://registry.npmjs.org/yallist set size:undefined disposed:false
823 http fetch GET 200 https://registry.npmjs.org/baseline-browser-mapping 30ms (cache miss)
824 silly packumentCache full:https://registry.npmjs.org/baseline-browser-mapping set size:undefined disposed:false
825 http fetch GET 200 https://registry.npmjs.org/node-releases 31ms (cache miss)
826 silly packumentCache full:https://registry.npmjs.org/node-releases set size:undefined disposed:false
827 http fetch GET 200 https://registry.npmjs.org/caniuse-lite 88ms (cache miss)
828 silly packumentCache full:https://registry.npmjs.org/caniuse-lite set size:undefined disposed:false
829 http fetch GET 200 https://registry.npmjs.org/electron-to-chromium 125ms (cache miss)
830 silly packumentCache full:https://registry.npmjs.org/electron-to-chromium set size:undefined disposed:false
831 http fetch GET 200 https://registry.npmjs.org/update-browserslist-db 255ms (cache miss)
832 silly packumentCache full:https://registry.npmjs.org/update-browserslist-db set size:undefined disposed:false
833 silly placeDep ROOT @babel/helper-module-imports@7.28.6 OK for: @babel/helper-module-transforms@7.28.6 want: ^7.28.6
834 silly placeDep ROOT @babel/helper-plugin-utils@7.28.6 OK for: @babel/plugin-transform-react-jsx-self@7.27.1 want: ^7.27.1
835 silly placeDep ROOT @babel/helper-globals@7.28.0 OK for: @babel/traverse@7.29.0 want: ^7.28.0
836 silly placeDep ROOT @babel/helper-string-parser@7.27.1 OK for: @babel/types@7.29.0 want: ^7.27.1
837 silly placeDep ROOT @jridgewell/sourcemap-codec@1.5.5 OK for: @jridgewell/gen-mapping@0.3.13 want: ^1.5.0
838 silly placeDep ROOT @jridgewell/resolve-uri@3.1.2 OK for: @jridgewell/trace-mapping@0.3.31 want: ^3.1.0
839 silly placeDep ROOT @types/babel__generator@7.27.0 OK for: @types/babel__core@7.20.5 want: *
840 silly placeDep ROOT @types/babel__template@7.4.4 OK for: @types/babel__core@7.20.5 want: *
841 silly placeDep ROOT @types/babel__traverse@7.28.0 OK for: @types/babel__core@7.20.5 want: *
842 silly placeDep ROOT follow-redirects@1.16.0 OK for: axios@1.15.2 want: ^1.15.11
843 silly placeDep ROOT form-data@4.0.5 OK for: axios@1.15.2 want: ^4.0.5
844 silly placeDep ROOT proxy-from-env@2.1.0 OK for: axios@1.15.2 want: ^2.1.0
845 silly fetch manifest asynckit@^0.4.0
846 silly packumentCache full:https://registry.npmjs.org/asynckit cache-miss
847 silly fetch manifest combined-stream@^1.0.8
848 silly packumentCache full:https://registry.npmjs.org/combined-stream cache-miss
849 silly fetch manifest es-set-tostringtag@^2.1.0
850 silly packumentCache full:https://registry.npmjs.org/es-set-tostringtag cache-miss
851 silly fetch manifest hasown@^2.0.2
852 silly packumentCache full:https://registry.npmjs.org/hasown cache-miss
853 silly fetch manifest mime-types@^2.1.12
854 silly packumentCache full:https://registry.npmjs.org/mime-types cache-miss
855 http fetch GET 200 https://registry.npmjs.org/hasown 21ms (cache miss)
856 silly packumentCache full:https://registry.npmjs.org/hasown set size:undefined disposed:false
857 http fetch GET 200 https://registry.npmjs.org/asynckit 22ms (cache miss)
858 silly packumentCache full:https://registry.npmjs.org/asynckit set size:undefined disposed:false
859 http fetch GET 200 https://registry.npmjs.org/es-set-tostringtag 22ms (cache miss)
860 silly packumentCache full:https://registry.npmjs.org/es-set-tostringtag set size:undefined disposed:false
861 http fetch GET 200 https://registry.npmjs.org/combined-stream 23ms (cache miss)
862 silly packumentCache full:https://registry.npmjs.org/combined-stream set size:undefined disposed:false
863 http fetch GET 200 https://registry.npmjs.org/mime-types 25ms (cache miss)
864 silly packumentCache full:https://registry.npmjs.org/mime-types set size:undefined disposed:false
865 silly fetch manifest browserslist@>= 4.21.0
866 silly packumentCache full:https://registry.npmjs.org/browserslist cache-miss
867 http fetch GET 200 https://registry.npmjs.org/browserslist 2ms (cache hit)
868 silly packumentCache full:https://registry.npmjs.org/browserslist set size:504681 disposed:false
869 silly placeDep ROOT baseline-browser-mapping@2.10.21 OK for: browserslist@4.28.2 want: ^2.10.12
870 silly placeDep ROOT caniuse-lite@1.0.30001790 OK for: browserslist@4.28.2 want: ^1.0.30001782
871 silly placeDep ROOT electron-to-chromium@1.5.344 OK for: browserslist@4.28.2 want: ^1.5.328
872 silly placeDep ROOT node-releases@2.0.38 OK for: browserslist@4.28.2 want: ^2.0.36
873 silly placeDep ROOT update-browserslist-db@1.2.3 OK for: browserslist@4.28.2 want: ^1.2.3
874 silly fetch manifest escalade@^3.2.0
875 silly packumentCache full:https://registry.npmjs.org/escalade cache-miss
876 http fetch GET 200 https://registry.npmjs.org/escalade 20ms (cache miss)
877 silly packumentCache full:https://registry.npmjs.org/escalade set size:undefined disposed:false
878 silly placeDep ROOT object-assign@4.1.1 OK for: cors@2.8.6 want: ^4
879 silly placeDep ROOT vary@1.1.2 OK for: cors@2.8.6 want: ^1
880 silly placeDep ROOT ms@2.1.3 OK for: debug@4.4.3 want: ^2.1.3
881 silly placeDep ROOT accepts@1.3.8 OK for: express@4.22.1 want: ~1.3.8
882 silly placeDep ROOT array-flatten@1.1.1 OK for: express@4.22.1 want: 1.1.1
883 silly placeDep ROOT body-parser@1.20.4 OK for: express@4.22.1 want: ~1.20.3
884 silly placeDep ROOT content-disposition@0.5.4 OK for: express@4.22.1 want: ~0.5.4
885 silly placeDep ROOT content-type@1.0.5 OK for: express@4.22.1 want: ~1.0.4
886 silly placeDep ROOT cookie@0.7.2 OK for: express@4.22.1 want: ~0.7.1
887 silly placeDep ROOT cookie-signature@1.0.7 OK for: express@4.22.1 want: ~1.0.6
888 silly placeDep node_modules/express debug@2.6.9 OK for: express@4.22.1 want: 2.6.9
889 silly placeDep ROOT depd@2.0.0 OK for: express@4.22.1 want: 2.0.0
890 silly placeDep ROOT encodeurl@2.0.0 OK for: express@4.22.1 want: ~2.0.0
891 silly placeDep ROOT escape-html@1.0.3 OK for: express@4.22.1 want: ~1.0.3
892 silly placeDep ROOT etag@1.8.1 OK for: express@4.22.1 want: ~1.8.1
893 silly placeDep ROOT finalhandler@1.3.2 OK for: express@4.22.1 want: ~1.3.1
894 silly placeDep ROOT fresh@0.5.2 OK for: express@4.22.1 want: ~0.5.2
895 silly placeDep ROOT http-errors@2.0.1 OK for: express@4.22.1 want: ~2.0.0
896 silly placeDep ROOT merge-descriptors@1.0.3 OK for: express@4.22.1 want: 1.0.3
897 silly placeDep ROOT methods@1.1.2 OK for: express@4.22.1 want: ~1.1.2
898 silly placeDep ROOT on-finished@2.4.1 OK for: express@4.22.1 want: ~2.4.1
899 silly placeDep ROOT parseurl@1.3.3 OK for: express@4.22.1 want: ~1.3.3
900 silly placeDep ROOT path-to-regexp@0.1.13 OK for: express@4.22.1 want: ~0.1.12
901 silly placeDep ROOT proxy-addr@2.0.7 OK for: express@4.22.1 want: ~2.0.7
902 silly placeDep ROOT qs@6.14.2 OK for: express@4.22.1 want: ~6.14.0
903 silly placeDep ROOT range-parser@1.2.1 OK for: express@4.22.1 want: ~1.2.1
904 silly placeDep ROOT safe-buffer@5.2.1 OK for: express@4.22.1 want: 5.2.1
905 silly placeDep ROOT send@0.19.2 OK for: express@4.22.1 want: ~0.19.0
906 silly placeDep ROOT serve-static@1.16.3 OK for: express@4.22.1 want: ~1.16.2
907 silly placeDep ROOT setprototypeof@1.2.0 OK for: express@4.22.1 want: 1.2.0
908 silly placeDep ROOT statuses@2.0.2 OK for: express@4.22.1 want: ~2.0.1
909 silly placeDep ROOT type-is@1.6.18 OK for: express@4.22.1 want: ~1.6.18
910 silly placeDep ROOT utils-merge@1.0.1 OK for: express@4.22.1 want: 1.0.1
911 silly fetch manifest mime-types@~2.1.34
912 silly packumentCache full:https://registry.npmjs.org/mime-types cache-miss
913 silly fetch manifest negotiator@0.6.3
914 silly packumentCache full:https://registry.npmjs.org/negotiator cache-miss
915 silly fetch manifest bytes@~3.1.2
916 silly packumentCache full:https://registry.npmjs.org/bytes cache-miss
917 silly fetch manifest unpipe@~1.0.0
918 silly packumentCache full:https://registry.npmjs.org/unpipe cache-miss
919 silly fetch manifest destroy@~1.2.0
920 silly packumentCache full:https://registry.npmjs.org/destroy cache-miss
921 silly fetch manifest raw-body@~2.5.3
922 silly packumentCache full:https://registry.npmjs.org/raw-body cache-miss
923 silly fetch manifest iconv-lite@~0.4.24
924 silly packumentCache full:https://registry.npmjs.org/iconv-lite cache-miss
925 http fetch GET 200 https://registry.npmjs.org/mime-types 4ms (cache hit)
926 silly packumentCache full:https://registry.npmjs.org/mime-types set size:139110 disposed:false
927 silly fetch manifest http-errors@~2.0.1
928 silly packumentCache full:https://registry.npmjs.org/http-errors cache-miss
929 http fetch GET 200 https://registry.npmjs.org/http-errors 2ms (cache hit)
930 silly packumentCache full:https://registry.npmjs.org/http-errors set size:71987 disposed:false
931 silly fetch manifest content-type@~1.0.5
932 silly packumentCache full:https://registry.npmjs.org/content-type cache-miss
933 http fetch GET 200 https://registry.npmjs.org/content-type 1ms (cache hit)
934 silly packumentCache full:https://registry.npmjs.org/content-type set size:17311 disposed:false
935 silly fetch manifest ms@2.0.0
936 silly packumentCache full:https://registry.npmjs.org/ms cache-hit
937 silly fetch manifest unpipe@~1.0.0
938 silly packumentCache full:https://registry.npmjs.org/unpipe cache-miss
939 http fetch GET 200 https://registry.npmjs.org/negotiator 20ms (cache miss)
940 silly packumentCache full:https://registry.npmjs.org/negotiator set size:undefined disposed:false
941 silly fetch manifest statuses@~2.0.2
942 silly packumentCache full:https://registry.npmjs.org/statuses cache-miss
943 http fetch GET 200 https://registry.npmjs.org/unpipe 20ms (cache miss)
944 silly packumentCache full:https://registry.npmjs.org/unpipe set size:undefined disposed:false
945 silly fetch manifest inherits@~2.0.4
946 silly packumentCache full:https://registry.npmjs.org/inherits cache-miss
947 http fetch GET 200 https://registry.npmjs.org/statuses 3ms (cache hit)
948 silly packumentCache full:https://registry.npmjs.org/statuses set size:37117 disposed:false
949 silly fetch manifest setprototypeof@~1.2.0
950 silly packumentCache full:https://registry.npmjs.org/setprototypeof cache-miss
951 http fetch GET 200 https://registry.npmjs.org/iconv-lite 23ms (cache miss)
952 silly packumentCache full:https://registry.npmjs.org/iconv-lite set size:undefined disposed:false
953 silly fetch manifest toidentifier@~1.0.1
954 silly packumentCache full:https://registry.npmjs.org/toidentifier cache-miss
955 http fetch GET 200 https://registry.npmjs.org/unpipe 17ms (cache miss)
956 silly packumentCache full:https://registry.npmjs.org/unpipe set size:undefined disposed:false
957 silly fetch manifest ee-first@1.1.1
958 silly packumentCache full:https://registry.npmjs.org/ee-first cache-miss
959 http fetch GET 200 https://registry.npmjs.org/setprototypeof 4ms (cache hit)
960 silly packumentCache full:https://registry.npmjs.org/setprototypeof set size:14532 disposed:false
961 silly fetch manifest forwarded@0.2.0
962 silly packumentCache full:https://registry.npmjs.org/forwarded cache-miss
963 http fetch GET 200 https://registry.npmjs.org/inherits 18ms (cache miss)
964 silly packumentCache full:https://registry.npmjs.org/inherits set size:undefined disposed:false
965 silly fetch manifest ipaddr.js@1.9.1
966 silly packumentCache full:https://registry.npmjs.org/ipaddr.js cache-miss
967 http fetch GET 200 https://registry.npmjs.org/ee-first 17ms (cache miss)
968 silly packumentCache full:https://registry.npmjs.org/ee-first set size:undefined disposed:false
969 silly fetch manifest side-channel@^1.1.0
970 silly packumentCache full:https://registry.npmjs.org/side-channel cache-miss
971 http fetch GET 200 https://registry.npmjs.org/side-channel 19ms (cache miss)
972 silly packumentCache full:https://registry.npmjs.org/side-channel set size:undefined disposed:false
973 silly fetch manifest mime@1.6.0
974 silly packumentCache full:https://registry.npmjs.org/mime cache-miss
975 http fetch GET 200 https://registry.npmjs.org/destroy 262ms (cache miss)
976 silly packumentCache full:https://registry.npmjs.org/destroy set size:undefined disposed:false
977 silly fetch manifest destroy@1.2.0
978 silly packumentCache full:https://registry.npmjs.org/destroy cache-miss
979 http fetch GET 200 https://registry.npmjs.org/bytes 266ms (cache miss)
980 silly packumentCache full:https://registry.npmjs.org/bytes set size:undefined disposed:false
981 silly fetch manifest mime-types@~2.1.24
982 silly packumentCache full:https://registry.npmjs.org/mime-types cache-hit
983 silly fetch manifest media-typer@0.3.0
984 silly packumentCache full:https://registry.npmjs.org/media-typer cache-miss
985 http fetch GET 200 https://registry.npmjs.org/destroy 7ms (cache hit)
986 silly packumentCache full:https://registry.npmjs.org/destroy set size:15738 disposed:false
987 http fetch GET 200 https://registry.npmjs.org/toidentifier 251ms (cache miss)
988 silly packumentCache full:https://registry.npmjs.org/toidentifier set size:undefined disposed:false
989 http fetch GET 200 https://registry.npmjs.org/forwarded 262ms (cache miss)
990 silly packumentCache full:https://registry.npmjs.org/forwarded set size:undefined disposed:false
991 http fetch GET 200 https://registry.npmjs.org/ipaddr.js 264ms (cache miss)
992 silly packumentCache full:https://registry.npmjs.org/ipaddr.js set size:undefined disposed:false
993 http fetch GET 200 https://registry.npmjs.org/media-typer 257ms (cache miss)
994 silly packumentCache full:https://registry.npmjs.org/media-typer set size:undefined disposed:false
995 http fetch GET 200 https://registry.npmjs.org/raw-body 699ms (cache miss)
996 silly packumentCache full:https://registry.npmjs.org/raw-body set size:undefined disposed:false
997 http fetch GET 200 https://registry.npmjs.org/mime 698ms (cache miss)
998 silly packumentCache full:https://registry.npmjs.org/mime set size:undefined disposed:false
999 silly placeDep ROOT mime-types@2.1.35 OK for: accepts@1.3.8 want: ~2.1.34
1000 silly placeDep ROOT negotiator@0.6.3 OK for: accepts@1.3.8 want: 0.6.3
1001 silly fetch manifest mime-db@1.52.0
1002 silly packumentCache full:https://registry.npmjs.org/mime-db cache-miss
1003 http fetch GET 200 https://registry.npmjs.org/mime-db 22ms (cache miss)
1004 silly packumentCache full:https://registry.npmjs.org/mime-db set size:undefined disposed:false
1005 silly placeDep ROOT bytes@3.1.2 OK for: body-parser@1.20.4 want: ~3.1.2
1006 silly placeDep node_modules/body-parser debug@2.6.9 OK for: body-parser@1.20.4 want: 2.6.9
1007 silly placeDep ROOT destroy@1.2.0 OK for: body-parser@1.20.4 want: ~1.2.0
1008 silly placeDep ROOT iconv-lite@0.4.24 OK for: body-parser@1.20.4 want: ~0.4.24
1009 silly placeDep ROOT raw-body@2.5.3 OK for: body-parser@1.20.4 want: ~2.5.3
1010 silly placeDep ROOT unpipe@1.0.0 OK for: body-parser@1.20.4 want: ~1.0.0
1011 silly fetch manifest safer-buffer@>= 2.1.2 < 3
1012 silly packumentCache full:https://registry.npmjs.org/safer-buffer cache-miss
1013 http fetch GET 200 https://registry.npmjs.org/safer-buffer 16ms (cache miss)
1014 silly packumentCache full:https://registry.npmjs.org/safer-buffer set size:undefined disposed:false
1015 silly placeDep node_modules/finalhandler debug@2.6.9 OK for: finalhandler@1.3.2 want: 2.6.9
1016 silly placeDep ROOT asynckit@0.4.0 OK for: form-data@4.0.5 want: ^0.4.0
1017 silly placeDep ROOT combined-stream@1.0.8 OK for: form-data@4.0.5 want: ^1.0.8
1018 silly placeDep ROOT es-set-tostringtag@2.1.0 OK for: form-data@4.0.5 want: ^2.1.0
1019 silly placeDep ROOT hasown@2.0.3 OK for: form-data@4.0.5 want: ^2.0.2
1020 silly fetch manifest delayed-stream@~1.0.0
1021 silly packumentCache full:https://registry.npmjs.org/delayed-stream cache-miss
1022 silly fetch manifest es-errors@^1.3.0
1023 silly packumentCache full:https://registry.npmjs.org/es-errors cache-miss
1024 silly fetch manifest get-intrinsic@^1.2.6
1025 silly packumentCache full:https://registry.npmjs.org/get-intrinsic cache-miss
1026 silly fetch manifest has-tostringtag@^1.0.2
1027 silly packumentCache full:https://registry.npmjs.org/has-tostringtag cache-miss
1028 silly fetch manifest function-bind@^1.1.2
1029 silly packumentCache full:https://registry.npmjs.org/function-bind cache-miss
1030 http fetch GET 200 https://registry.npmjs.org/delayed-stream 20ms (cache miss)
1031 silly packumentCache full:https://registry.npmjs.org/delayed-stream set size:undefined disposed:false
1032 http fetch GET 200 https://registry.npmjs.org/es-errors 20ms (cache miss)
1033 silly packumentCache full:https://registry.npmjs.org/es-errors set size:undefined disposed:false
1034 http fetch GET 200 https://registry.npmjs.org/has-tostringtag 26ms (cache miss)
1035 silly packumentCache full:https://registry.npmjs.org/has-tostringtag set size:undefined disposed:false
1036 http fetch GET 200 https://registry.npmjs.org/function-bind 26ms (cache miss)
1037 silly packumentCache full:https://registry.npmjs.org/function-bind set size:undefined disposed:false
1038 http fetch GET 200 https://registry.npmjs.org/get-intrinsic 26ms (cache miss)
1039 silly packumentCache full:https://registry.npmjs.org/get-intrinsic set size:undefined disposed:false
1040 silly placeDep ROOT delayed-stream@1.0.0 OK for: combined-stream@1.0.8 want: ~1.0.0
1041 silly placeDep ROOT es-errors@1.3.0 OK for: es-set-tostringtag@2.1.0 want: ^1.3.0
1042 silly placeDep ROOT get-intrinsic@1.3.0 OK for: es-set-tostringtag@2.1.0 want: ^1.2.6
1043 silly placeDep ROOT has-tostringtag@1.0.2 OK for: es-set-tostringtag@2.1.0 want: ^1.0.2
1044 silly fetch manifest gopd@^1.2.0
1045 silly packumentCache full:https://registry.npmjs.org/gopd cache-miss
1046 silly fetch manifest get-proto@^1.0.1
1047 silly packumentCache full:https://registry.npmjs.org/get-proto cache-miss
1048 silly fetch manifest has-symbols@^1.1.0
1049 silly packumentCache full:https://registry.npmjs.org/has-symbols cache-miss
1050 silly fetch manifest es-object-atoms@^1.1.1
1051 silly packumentCache full:https://registry.npmjs.org/es-object-atoms cache-miss
1052 silly fetch manifest math-intrinsics@^1.1.0
1053 silly packumentCache full:https://registry.npmjs.org/math-intrinsics cache-miss
1054 silly fetch manifest es-define-property@^1.0.1
1055 silly packumentCache full:https://registry.npmjs.org/es-define-property cache-miss
1056 silly fetch manifest call-bind-apply-helpers@^1.0.2
1057 silly packumentCache full:https://registry.npmjs.org/call-bind-apply-helpers cache-miss
1058 http fetch GET 200 https://registry.npmjs.org/gopd 24ms (cache miss)
1059 silly packumentCache full:https://registry.npmjs.org/gopd set size:undefined disposed:false
1060 silly fetch manifest has-symbols@^1.0.3
1061 silly packumentCache full:https://registry.npmjs.org/has-symbols cache-miss
1062 http fetch GET 200 https://registry.npmjs.org/es-object-atoms 24ms (cache miss)
1063 silly packumentCache full:https://registry.npmjs.org/es-object-atoms set size:undefined disposed:false
1064 http fetch GET 200 https://registry.npmjs.org/es-define-property 24ms (cache miss)
1065 silly packumentCache full:https://registry.npmjs.org/es-define-property set size:undefined disposed:false
1066 http fetch GET 200 https://registry.npmjs.org/get-proto 26ms (cache miss)
1067 silly packumentCache full:https://registry.npmjs.org/get-proto set size:undefined disposed:false
1068 http fetch GET 200 https://registry.npmjs.org/math-intrinsics 26ms (cache miss)
1069 silly packumentCache full:https://registry.npmjs.org/math-intrinsics set size:undefined disposed:false
1070 http fetch GET 200 https://registry.npmjs.org/call-bind-apply-helpers 26ms (cache miss)
1071 silly packumentCache full:https://registry.npmjs.org/call-bind-apply-helpers set size:undefined disposed:false
1072 http fetch GET 200 https://registry.npmjs.org/has-symbols 27ms (cache miss)
1073 silly packumentCache full:https://registry.npmjs.org/has-symbols set size:undefined disposed:false
1074 http fetch GET 200 https://registry.npmjs.org/has-symbols 20ms (cache miss)
1075 silly packumentCache full:https://registry.npmjs.org/has-symbols set size:undefined disposed:false
1076 silly placeDep ROOT call-bind-apply-helpers@1.0.2 OK for: get-intrinsic@1.3.0 want: ^1.0.2
1077 silly placeDep ROOT es-define-property@1.0.1 OK for: get-intrinsic@1.3.0 want: ^1.0.1
1078 silly placeDep ROOT es-object-atoms@1.1.1 OK for: get-intrinsic@1.3.0 want: ^1.1.1
1079 silly placeDep ROOT function-bind@1.1.2 OK for: get-intrinsic@1.3.0 want: ^1.1.2
1080 silly placeDep ROOT get-proto@1.0.1 OK for: get-intrinsic@1.3.0 want: ^1.0.1
1081 silly placeDep ROOT gopd@1.2.0 OK for: get-intrinsic@1.3.0 want: ^1.2.0
1082 silly placeDep ROOT has-symbols@1.1.0 OK for: get-intrinsic@1.3.0 want: ^1.1.0
1083 silly placeDep ROOT math-intrinsics@1.1.0 OK for: get-intrinsic@1.3.0 want: ^1.1.0
1084 silly fetch manifest dunder-proto@^1.0.1
1085 silly packumentCache full:https://registry.npmjs.org/dunder-proto cache-miss
1086 http fetch GET 200 https://registry.npmjs.org/dunder-proto 16ms (cache miss)
1087 silly packumentCache full:https://registry.npmjs.org/dunder-proto set size:undefined disposed:false
1088 silly placeDep ROOT dunder-proto@1.0.1 OK for: get-proto@1.0.1 want: ^1.0.1
1089 silly placeDep ROOT base64-js@1.5.1 OK for: google-auth-library@10.6.2 want: ^1.3.0
1090 silly placeDep ROOT ecdsa-sig-formatter@1.0.11 OK for: google-auth-library@10.6.2 want: ^1.0.11
1091 silly placeDep ROOT gaxios@7.1.4 OK for: google-auth-library@10.6.2 want: ^7.1.4
1092 silly placeDep ROOT gcp-metadata@8.1.2 OK for: google-auth-library@10.6.2 want: 8.1.2
1093 silly placeDep ROOT google-logging-utils@1.1.3 OK for: google-auth-library@10.6.2 want: 1.1.3
1094 silly placeDep ROOT jws@4.0.1 OK for: google-auth-library@10.6.2 want: ^4.0.0
1095 silly fetch manifest extend@^3.0.2
1096 silly packumentCache full:https://registry.npmjs.org/extend cache-miss
1097 silly fetch manifest https-proxy-agent@^7.0.1
1098 silly packumentCache full:https://registry.npmjs.org/https-proxy-agent cache-miss
1099 silly fetch manifest node-fetch@^3.3.2
1100 silly packumentCache full:https://registry.npmjs.org/node-fetch cache-miss
1101 silly fetch manifest google-logging-utils@^1.0.0
1102 silly packumentCache full:https://registry.npmjs.org/google-logging-utils cache-miss
1103 silly fetch manifest json-bigint@^1.0.0
1104 silly packumentCache full:https://registry.npmjs.org/json-bigint cache-miss
1105 silly fetch manifest jwa@^2.0.1
1106 silly packumentCache full:https://registry.npmjs.org/jwa cache-miss
1107 http fetch GET 200 https://registry.npmjs.org/google-logging-utils 3ms (cache hit)
1108 silly packumentCache full:https://registry.npmjs.org/google-logging-utils set size:21694 disposed:false
1109 http fetch GET 200 https://registry.npmjs.org/https-proxy-agent 22ms (cache miss)
1110 silly packumentCache full:https://registry.npmjs.org/https-proxy-agent set size:undefined disposed:false
1111 http fetch GET 200 https://registry.npmjs.org/node-fetch 51ms (cache miss)
1112 silly packumentCache full:https://registry.npmjs.org/node-fetch set size:undefined disposed:false
1113 http fetch GET 200 https://registry.npmjs.org/extend 256ms (cache miss)
1114 silly packumentCache full:https://registry.npmjs.org/extend set size:undefined disposed:false
1115 http fetch GET 200 https://registry.npmjs.org/jwa 256ms (cache miss)
1116 silly packumentCache full:https://registry.npmjs.org/jwa set size:undefined disposed:false
1117 http fetch GET 200 https://registry.npmjs.org/json-bigint 258ms (cache miss)
1118 silly packumentCache full:https://registry.npmjs.org/json-bigint set size:undefined disposed:false
1119 silly placeDep ROOT extend@3.0.2 OK for: gaxios@7.1.4 want: ^3.0.2
1120 silly placeDep ROOT https-proxy-agent@7.0.6 OK for: gaxios@7.1.4 want: ^7.0.1
1121 silly placeDep ROOT node-fetch@3.3.2 OK for: gaxios@7.1.4 want: ^3.3.2
1122 silly fetch manifest agent-base@^7.1.2
1123 silly packumentCache full:https://registry.npmjs.org/agent-base cache-miss
1124 silly fetch manifest data-uri-to-buffer@^4.0.0
1125 silly packumentCache full:https://registry.npmjs.org/data-uri-to-buffer cache-miss
1126 silly fetch manifest fetch-blob@^3.1.4
1127 silly packumentCache full:https://registry.npmjs.org/fetch-blob cache-miss
1128 silly fetch manifest formdata-polyfill@^4.0.10
1129 silly packumentCache full:https://registry.npmjs.org/formdata-polyfill cache-miss
1130 http fetch GET 200 https://registry.npmjs.org/data-uri-to-buffer 26ms (cache miss)
1131 silly packumentCache full:https://registry.npmjs.org/data-uri-to-buffer set size:undefined disposed:false
1132 http fetch GET 200 https://registry.npmjs.org/agent-base 27ms (cache miss)
1133 silly packumentCache full:https://registry.npmjs.org/agent-base set size:undefined disposed:false
1134 http fetch GET 200 https://registry.npmjs.org/fetch-blob 27ms (cache miss)
1135 silly packumentCache full:https://registry.npmjs.org/fetch-blob set size:undefined disposed:false
1136 http fetch GET 200 https://registry.npmjs.org/formdata-polyfill 28ms (cache miss)
1137 silly packumentCache full:https://registry.npmjs.org/formdata-polyfill set size:undefined disposed:false
1138 silly placeDep ROOT json-bigint@1.0.0 OK for: gcp-metadata@8.1.2 want: ^1.0.0
1139 silly fetch manifest bignumber.js@^9.0.0
1140 silly packumentCache full:https://registry.npmjs.org/bignumber.js cache-miss
1141 http fetch GET 200 https://registry.npmjs.org/bignumber.js 256ms (cache miss)
1142 silly packumentCache full:https://registry.npmjs.org/bignumber.js set size:undefined disposed:false
1143 silly placeDep ROOT inherits@2.0.4 OK for: http-errors@2.0.1 want: ~2.0.4
1144 silly placeDep ROOT toidentifier@1.0.1 OK for: http-errors@2.0.1 want: ~1.0.1
1145 silly placeDep ROOT agent-base@7.1.4 OK for: https-proxy-agent@7.0.6 want: ^7.1.2
1146 silly placeDep ROOT safer-buffer@2.1.2 OK for: iconv-lite@0.4.24 want: >= 2.1.2 < 3
1147 silly placeDep ROOT bignumber.js@9.3.1 OK for: json-bigint@1.0.0 want: ^9.0.0
1148 silly placeDep ROOT jwa@2.0.1 OK for: jws@4.0.1 want: ^2.0.1
1149 silly fetch manifest buffer-equal-constant-time@^1.0.1
1150 silly packumentCache full:https://registry.npmjs.org/buffer-equal-constant-time cache-miss
1151 http fetch GET 200 https://registry.npmjs.org/buffer-equal-constant-time 738ms (cache miss)
1152 silly packumentCache full:https://registry.npmjs.org/buffer-equal-constant-time set size:undefined disposed:false
1153 silly placeDep ROOT buffer-equal-constant-time@1.0.1 OK for: jwa@2.0.1 want: ^1.0.1
1154 silly placeDep ROOT yallist@3.1.1 OK for: lru-cache@5.1.1 want: ^3.0.2
1155 silly placeDep ROOT @xmldom/xmldom@0.8.13 OK for: mammoth@1.12.0 want: ^0.8.6
1156 silly placeDep ROOT argparse@1.0.10 OK for: mammoth@1.12.0 want: ~1.0.3
1157 silly placeDep ROOT bluebird@3.4.7 OK for: mammoth@1.12.0 want: ~3.4.0
1158 silly placeDep ROOT dingbat-to-unicode@1.0.1 OK for: mammoth@1.12.0 want: ^1.0.1
1159 silly placeDep ROOT jszip@3.10.1 OK for: mammoth@1.12.0 want: ^3.7.1
1160 silly placeDep ROOT lop@0.4.2 OK for: mammoth@1.12.0 want: ^0.4.2
1161 silly placeDep ROOT path-is-absolute@1.0.1 OK for: mammoth@1.12.0 want: ^1.0.0
1162 silly placeDep ROOT underscore@1.13.8 OK for: mammoth@1.12.0 want: ^1.13.1
1163 silly placeDep ROOT xmlbuilder@10.1.1 OK for: mammoth@1.12.0 want: ^10.0.0
1164 silly fetch manifest sprintf-js@~1.0.2
1165 silly packumentCache full:https://registry.npmjs.org/sprintf-js cache-miss
1166 silly fetch manifest lie@~3.3.0
1167 silly packumentCache full:https://registry.npmjs.org/lie cache-miss
1168 silly fetch manifest pako@~1.0.2
1169 silly packumentCache full:https://registry.npmjs.org/pako cache-miss
1170 silly fetch manifest setimmediate@^1.0.5
1171 silly packumentCache full:https://registry.npmjs.org/setimmediate cache-miss
1172 silly fetch manifest readable-stream@~2.3.6
1173 silly packumentCache full:https://registry.npmjs.org/readable-stream cache-miss
1174 silly fetch manifest duck@^0.1.12
1175 silly packumentCache full:https://registry.npmjs.org/duck cache-miss
1176 silly fetch manifest option@~0.2.1
1177 silly packumentCache full:https://registry.npmjs.org/option cache-miss
1178 http fetch GET 200 https://registry.npmjs.org/readable-stream 27ms (cache miss)
1179 silly packumentCache full:https://registry.npmjs.org/readable-stream set size:undefined disposed:false
1180 http fetch GET 200 https://registry.npmjs.org/sprintf-js 251ms (cache miss)
1181 silly packumentCache full:https://registry.npmjs.org/sprintf-js set size:undefined disposed:false
1182 http fetch GET 200 https://registry.npmjs.org/pako 254ms (cache miss)
1183 silly packumentCache full:https://registry.npmjs.org/pako set size:undefined disposed:false
1184 http fetch GET 200 https://registry.npmjs.org/option 254ms (cache miss)
1185 silly packumentCache full:https://registry.npmjs.org/option set size:undefined disposed:false
1186 http fetch GET 200 https://registry.npmjs.org/lie 259ms (cache miss)
1187 silly packumentCache full:https://registry.npmjs.org/lie set size:undefined disposed:false
1188 http fetch GET 200 https://registry.npmjs.org/setimmediate 259ms (cache miss)
1189 silly packumentCache full:https://registry.npmjs.org/setimmediate set size:undefined disposed:false
1190 http fetch GET 200 https://registry.npmjs.org/duck 736ms (cache miss)
1191 silly packumentCache full:https://registry.npmjs.org/duck set size:undefined disposed:false
1192 silly placeDep ROOT sprintf-js@1.0.3 OK for: argparse@1.0.10 want: ~1.0.2
1193 silly placeDep ROOT lie@3.3.0 OK for: jszip@3.10.1 want: ~3.3.0
1194 silly placeDep ROOT pako@1.0.11 OK for: jszip@3.10.1 want: ~1.0.2
1195 silly placeDep ROOT readable-stream@2.3.8 OK for: jszip@3.10.1 want: ~2.3.6
1196 silly placeDep ROOT setimmediate@1.0.5 OK for: jszip@3.10.1 want: ^1.0.5
1197 silly fetch manifest immediate@~3.0.5
1198 silly packumentCache full:https://registry.npmjs.org/immediate cache-miss
1199 silly fetch manifest isarray@~1.0.0
1200 silly packumentCache full:https://registry.npmjs.org/isarray cache-miss
1201 silly fetch manifest safe-buffer@~5.1.1
1202 silly packumentCache full:https://registry.npmjs.org/safe-buffer cache-miss
1203 silly fetch manifest core-util-is@~1.0.0
1204 silly packumentCache full:https://registry.npmjs.org/core-util-is cache-miss
1205 silly fetch manifest string_decoder@~1.1.1
1206 silly packumentCache full:https://registry.npmjs.org/string_decoder cache-miss
1207 silly fetch manifest util-deprecate@~1.0.1
1208 silly packumentCache full:https://registry.npmjs.org/util-deprecate cache-miss
1209 silly fetch manifest process-nextick-args@~2.0.0
1210 silly packumentCache full:https://registry.npmjs.org/process-nextick-args cache-miss
1211 http fetch GET 200 https://registry.npmjs.org/safe-buffer 6ms (cache hit)
1212 silly packumentCache full:https://registry.npmjs.org/safe-buffer set size:41183 disposed:false
1213 http fetch GET 200 https://registry.npmjs.org/util-deprecate 21ms (cache miss)
1214 silly packumentCache full:https://registry.npmjs.org/util-deprecate set size:undefined disposed:false
1215 http fetch GET 200 https://registry.npmjs.org/string_decoder 21ms (cache miss)
1216 silly packumentCache full:https://registry.npmjs.org/string_decoder set size:undefined disposed:false
1217 http fetch GET 200 https://registry.npmjs.org/core-util-is 255ms (cache miss)
1218 silly packumentCache full:https://registry.npmjs.org/core-util-is set size:undefined disposed:false
1219 http fetch GET 200 https://registry.npmjs.org/immediate 256ms (cache miss)
1220 silly packumentCache full:https://registry.npmjs.org/immediate set size:undefined disposed:false
1221 http fetch GET 200 https://registry.npmjs.org/process-nextick-args 258ms (cache miss)
1222 silly packumentCache full:https://registry.npmjs.org/process-nextick-args set size:undefined disposed:false
1223 http fetch GET 200 https://registry.npmjs.org/isarray 270ms (cache miss)
1224 silly packumentCache full:https://registry.npmjs.org/isarray set size:undefined disposed:false
1225 silly placeDep ROOT immediate@3.0.6 OK for: lie@3.3.0 want: ~3.0.5
1226 silly placeDep ROOT duck@0.1.12 OK for: lop@0.4.2 want: ^0.1.12
1227 silly placeDep ROOT option@0.2.4 OK for: lop@0.4.2 want: ~0.2.1
1228 silly placeDep ROOT mime-db@1.52.0 OK for: mime-types@2.1.35 want: 1.52.0
1229 silly fetch manifest @aws-sdk/credential-providers@^3.188.0
1230 silly packumentCache full:https://registry.npmjs.org/@aws-sdk%2fcredential-providers cache-miss
1231 http fetch GET 200 https://registry.npmjs.org/@aws-sdk%2fcredential-providers 691ms (cache miss)
1232 silly packumentCache full:https://registry.npmjs.org/@aws-sdk%2fcredential-providers set size:undefined disposed:false
1233 silly fetch manifest @mongodb-js/zstd@^1.1.0 || ^2.0.0
1234 silly packumentCache full:https://registry.npmjs.org/@mongodb-js%2fzstd cache-miss
1235 http fetch GET 200 https://registry.npmjs.org/@mongodb-js%2fzstd 665ms (cache miss)
1236 silly packumentCache full:https://registry.npmjs.org/@mongodb-js%2fzstd set size:undefined disposed:false
1237 silly fetch manifest gcp-metadata@^5.2.0
1238 silly packumentCache full:https://registry.npmjs.org/gcp-metadata cache-miss
1239 http fetch GET 200 https://registry.npmjs.org/gcp-metadata 2ms (cache hit)
1240 silly packumentCache full:https://registry.npmjs.org/gcp-metadata set size:191448 disposed:false
1241 silly fetch manifest kerberos@^2.0.1
1242 silly packumentCache full:https://registry.npmjs.org/kerberos cache-miss
1243 http fetch GET 200 https://registry.npmjs.org/kerberos 254ms (cache miss)
1244 silly packumentCache full:https://registry.npmjs.org/kerberos set size:undefined disposed:false
1245 silly fetch manifest mongodb-client-encryption@>=6.0.0 <7
1246 silly packumentCache full:https://registry.npmjs.org/mongodb-client-encryption cache-miss
1247 http fetch GET 200 https://registry.npmjs.org/mongodb-client-encryption 257ms (cache miss)
1248 silly packumentCache full:https://registry.npmjs.org/mongodb-client-encryption set size:undefined disposed:false
1249 silly fetch manifest snappy@^7.3.2
1250 silly packumentCache full:https://registry.npmjs.org/snappy cache-miss
1251 http fetch GET 200 https://registry.npmjs.org/snappy 253ms (cache miss)
1252 silly packumentCache full:https://registry.npmjs.org/snappy set size:undefined disposed:false
1253 silly fetch manifest socks@^2.7.1
1254 silly packumentCache full:https://registry.npmjs.org/socks cache-miss
1255 http fetch GET 200 https://registry.npmjs.org/socks 25ms (cache miss)
1256 silly packumentCache full:https://registry.npmjs.org/socks set size:undefined disposed:false
1257 silly placeDep ROOT bson@6.10.4 OK for: mongoose@8.23.1 want: ^6.10.4
1258 silly placeDep ROOT kareem@2.6.3 OK for: mongoose@8.23.1 want: 2.6.3
1259 silly placeDep node_modules/mongoose mongodb@6.20.0 OK for: mongoose@8.23.1 want: ~6.20.0
1260 silly placeDep node_modules/mongoose gcp-metadata@5.3.0 OK for: mongodb@6.20.0 want: ^5.2.0
1261 silly placeDep ROOT mpath@0.9.0 OK for: mongoose@8.23.1 want: 0.9.0
1262 silly placeDep ROOT mquery@5.0.0 OK for: mongoose@8.23.1 want: 5.0.0
1263 silly placeDep ROOT sift@17.1.3 OK for: mongoose@8.23.1 want: 17.1.3
1264 silly fetch manifest @mongodb-js/saslprep@^1.3.0
1265 silly packumentCache full:https://registry.npmjs.org/@mongodb-js%2fsaslprep cache-miss
1266 silly fetch manifest mongodb-connection-string-url@^3.0.2
1267 silly packumentCache full:https://registry.npmjs.org/mongodb-connection-string-url cache-miss
1268 silly fetch manifest gaxios@^5.0.0
1269 silly packumentCache full:https://registry.npmjs.org/gaxios cache-miss
1270 http fetch GET 200 https://registry.npmjs.org/gaxios 2ms (cache hit)
1271 silly packumentCache full:https://registry.npmjs.org/gaxios set size:345358 disposed:false
1272 http fetch GET 200 https://registry.npmjs.org/mongodb-connection-string-url 265ms (cache miss)
1273 silly packumentCache full:https://registry.npmjs.org/mongodb-connection-string-url set size:undefined disposed:false
1274 http fetch GET 200 https://registry.npmjs.org/@mongodb-js%2fsaslprep 638ms (cache miss)
1275 silly packumentCache full:https://registry.npmjs.org/@mongodb-js%2fsaslprep set size:undefined disposed:false
1276 silly placeDep ROOT append-field@1.0.0 OK for: multer@1.4.5-lts.2 want: ^1.0.0
1277 silly placeDep ROOT busboy@1.6.0 OK for: multer@1.4.5-lts.2 want: ^1.0.0
1278 silly placeDep ROOT concat-stream@1.6.2 OK for: multer@1.4.5-lts.2 want: ^1.5.2
1279 silly placeDep ROOT mkdirp@0.5.6 OK for: multer@1.4.5-lts.2 want: ^0.5.4
1280 silly placeDep ROOT xtend@4.0.2 OK for: multer@1.4.5-lts.2 want: ^4.0.0
1281 silly fetch manifest streamsearch@^1.1.0
1282 silly packumentCache full:https://registry.npmjs.org/streamsearch cache-miss
1283 silly fetch manifest buffer-from@^1.0.0
1284 silly packumentCache full:https://registry.npmjs.org/buffer-from cache-miss
1285 silly fetch manifest typedarray@^0.0.6
1286 silly packumentCache full:https://registry.npmjs.org/typedarray cache-miss
1287 silly fetch manifest minimist@^1.2.6
1288 silly packumentCache full:https://registry.npmjs.org/minimist cache-miss
1289 http fetch GET 200 https://registry.npmjs.org/minimist 34ms (cache miss)
1290 silly packumentCache full:https://registry.npmjs.org/minimist set size:undefined disposed:false
1291 http fetch GET 200 https://registry.npmjs.org/streamsearch 270ms (cache miss)
1292 silly packumentCache full:https://registry.npmjs.org/streamsearch set size:undefined disposed:false
1293 http fetch GET 200 https://registry.npmjs.org/typedarray 271ms (cache miss)
1294 silly packumentCache full:https://registry.npmjs.org/typedarray set size:undefined disposed:false
1295 http fetch GET 200 https://registry.npmjs.org/buffer-from 273ms (cache miss)
1296 silly packumentCache full:https://registry.npmjs.org/buffer-from set size:undefined disposed:false
1297 silly placeDep ROOT streamsearch@1.1.0 OK for: busboy@1.6.0 want: ^1.1.0
1298 silly placeDep ROOT buffer-from@1.1.2 OK for: concat-stream@1.6.2 want: ^1.0.0
1299 silly placeDep ROOT typedarray@0.0.6 OK for: concat-stream@1.6.2 want: ^0.0.6
1300 silly placeDep ROOT minimist@1.2.8 OK for: mkdirp@0.5.6 want: ^1.2.6
1301 silly placeDep ROOT data-uri-to-buffer@4.0.1 OK for: node-fetch@3.3.2 want: ^4.0.0
1302 silly placeDep ROOT fetch-blob@3.2.0 OK for: node-fetch@3.3.2 want: ^3.1.4
1303 silly placeDep ROOT formdata-polyfill@4.0.10 OK for: node-fetch@3.3.2 want: ^4.0.10
1304 silly fetch manifest node-domexception@^1.0.0
1305 silly packumentCache full:https://registry.npmjs.org/node-domexception cache-miss
1306 silly fetch manifest web-streams-polyfill@^3.0.3
1307 silly packumentCache full:https://registry.npmjs.org/web-streams-polyfill cache-miss
1308 http fetch GET 200 https://registry.npmjs.org/node-domexception 20ms (cache miss)
1309 silly packumentCache full:https://registry.npmjs.org/node-domexception set size:undefined disposed:false
1310 http fetch GET 200 https://registry.npmjs.org/web-streams-polyfill 23ms (cache miss)
1311 silly packumentCache full:https://registry.npmjs.org/web-streams-polyfill set size:undefined disposed:false
1312 silly placeDep ROOT node-domexception@1.0.0 OK for: fetch-blob@3.2.0 want: ^1.0.0
1313 silly placeDep ROOT web-streams-polyfill@3.3.3 OK for: fetch-blob@3.2.0 want: ^3.0.3
1314 silly placeDep ROOT ee-first@1.1.1 OK for: on-finished@2.4.1 want: 1.1.1
1315 silly placeDep ROOT @types/retry@0.12.0 OK for: p-retry@4.6.2 want: 0.12.0
1316 silly placeDep ROOT retry@0.13.1 OK for: p-retry@4.6.2 want: ^0.13.1
1317 silly placeDep ROOT node-ensure@0.0.0 OK for: pdf-parse@1.1.4 want: ^0.0.0
1318 silly placeDep ROOT @protobufjs/aspromise@1.1.2 OK for: protobufjs@7.5.5 want: ^1.1.2
1319 silly placeDep ROOT @protobufjs/base64@1.1.2 OK for: protobufjs@7.5.5 want: ^1.1.2
1320 silly placeDep ROOT @protobufjs/codegen@2.0.4 OK for: protobufjs@7.5.5 want: ^2.0.4
1321 silly placeDep ROOT @protobufjs/eventemitter@1.1.0 OK for: protobufjs@7.5.5 want: ^1.1.0
1322 silly placeDep ROOT @protobufjs/fetch@1.1.0 OK for: protobufjs@7.5.5 want: ^1.1.0
1323 silly placeDep ROOT @protobufjs/float@1.0.2 OK for: protobufjs@7.5.5 want: ^1.0.2
1324 silly placeDep ROOT @protobufjs/inquire@1.1.0 OK for: protobufjs@7.5.5 want: ^1.1.0
1325 silly placeDep ROOT @protobufjs/path@1.1.2 OK for: protobufjs@7.5.5 want: ^1.1.2
1326 silly placeDep ROOT @protobufjs/pool@1.1.0 OK for: protobufjs@7.5.5 want: ^1.1.0
1327 silly placeDep ROOT @protobufjs/utf8@1.1.0 OK for: protobufjs@7.5.5 want: ^1.1.0
1328 silly placeDep ROOT @types/node@25.6.0 OK for: protobufjs@7.5.5 want: >=13.7.0
1329 silly placeDep ROOT long@5.3.2 OK for: protobufjs@7.5.5 want: ^5.0.0
1330 silly fetch manifest undici-types@~7.19.0
1331 silly packumentCache full:https://registry.npmjs.org/undici-types cache-miss
1332 http fetch GET 200 https://registry.npmjs.org/undici-types 28ms (cache miss)
1333 silly packumentCache full:https://registry.npmjs.org/undici-types set size:undefined disposed:false
1334 silly placeDep ROOT undici-types@7.19.2 OK for: @types/node@25.6.0 want: ~7.19.0
1335 silly placeDep ROOT forwarded@0.2.0 OK for: proxy-addr@2.0.7 want: 0.2.0
1336 silly placeDep ROOT ipaddr.js@1.9.1 OK for: proxy-addr@2.0.7 want: 1.9.1
1337 silly placeDep ROOT dijkstrajs@1.0.3 OK for: qrcode@1.5.4 want: ^1.0.1
1338 silly placeDep ROOT pngjs@5.0.0 OK for: qrcode@1.5.4 want: ^5.0.0
1339 silly placeDep ROOT yargs@15.4.1 OK for: qrcode@1.5.4 want: ^15.3.1
1340 silly fetch manifest y18n@^4.0.0
1341 silly packumentCache full:https://registry.npmjs.org/y18n cache-miss
1342 silly fetch manifest cliui@^6.0.0
1343 silly packumentCache full:https://registry.npmjs.org/cliui cache-miss
1344 silly fetch manifest find-up@^4.1.0
1345 silly packumentCache full:https://registry.npmjs.org/find-up cache-miss
1346 silly fetch manifest decamelize@^1.2.0
1347 silly packumentCache full:https://registry.npmjs.org/decamelize cache-miss
1348 silly fetch manifest set-blocking@^2.0.0
1349 silly packumentCache full:https://registry.npmjs.org/set-blocking cache-miss
1350 silly fetch manifest string-width@^4.2.0
1351 silly packumentCache full:https://registry.npmjs.org/string-width cache-miss
1352 silly fetch manifest which-module@^2.0.0
1353 silly packumentCache full:https://registry.npmjs.org/which-module cache-miss
1354 http fetch GET 200 https://registry.npmjs.org/set-blocking 25ms (cache miss)
1355 silly packumentCache full:https://registry.npmjs.org/set-blocking set size:undefined disposed:false
1356 silly fetch manifest yargs-parser@^18.1.2
1357 silly packumentCache full:https://registry.npmjs.org/yargs-parser cache-miss
1358 http fetch GET 200 https://registry.npmjs.org/decamelize 26ms (cache miss)
1359 silly packumentCache full:https://registry.npmjs.org/decamelize set size:undefined disposed:false
1360 silly fetch manifest get-caller-file@^2.0.1
1361 silly packumentCache full:https://registry.npmjs.org/get-caller-file cache-miss
1362 http fetch GET 200 https://registry.npmjs.org/string-width 27ms (cache miss)
1363 silly packumentCache full:https://registry.npmjs.org/string-width set size:undefined disposed:false
1364 silly fetch manifest require-directory@^2.1.1
1365 silly packumentCache full:https://registry.npmjs.org/require-directory cache-miss
1366 http fetch GET 200 https://registry.npmjs.org/which-module 28ms (cache miss)
1367 silly packumentCache full:https://registry.npmjs.org/which-module set size:undefined disposed:false
1368 silly fetch manifest require-main-filename@^2.0.0
1369 silly packumentCache full:https://registry.npmjs.org/require-main-filename cache-miss
1370 http fetch GET 200 https://registry.npmjs.org/find-up 28ms (cache miss)
1371 silly packumentCache full:https://registry.npmjs.org/find-up set size:undefined disposed:false
1372 http fetch GET 200 https://registry.npmjs.org/y18n 31ms (cache miss)
1373 silly packumentCache full:https://registry.npmjs.org/y18n set size:undefined disposed:false
1374 http fetch GET 200 https://registry.npmjs.org/get-caller-file 23ms (cache miss)
1375 silly packumentCache full:https://registry.npmjs.org/get-caller-file set size:undefined disposed:false
1376 http fetch GET 200 https://registry.npmjs.org/yargs-parser 24ms (cache miss)
1377 silly packumentCache full:https://registry.npmjs.org/yargs-parser set size:undefined disposed:false
1378 http fetch GET 200 https://registry.npmjs.org/require-directory 24ms (cache miss)
1379 silly packumentCache full:https://registry.npmjs.org/require-directory set size:undefined disposed:false
1380 http fetch GET 200 https://registry.npmjs.org/cliui 258ms (cache miss)
1381 silly packumentCache full:https://registry.npmjs.org/cliui set size:undefined disposed:false
1382 http fetch GET 200 https://registry.npmjs.org/require-main-filename 247ms (cache miss)
1383 silly packumentCache full:https://registry.npmjs.org/require-main-filename set size:undefined disposed:false
1384 silly placeDep ROOT side-channel@1.1.0 OK for: qs@6.14.2 want: ^1.1.0
1385 silly fetch manifest object-inspect@^1.13.3
1386 silly packumentCache full:https://registry.npmjs.org/object-inspect cache-miss
1387 silly fetch manifest side-channel-list@^1.0.0
1388 silly packumentCache full:https://registry.npmjs.org/side-channel-list cache-miss
1389 silly fetch manifest side-channel-map@^1.0.1
1390 silly packumentCache full:https://registry.npmjs.org/side-channel-map cache-miss
1391 silly fetch manifest side-channel-weakmap@^1.0.2
1392 silly packumentCache full:https://registry.npmjs.org/side-channel-weakmap cache-miss
1393 http fetch GET 200 https://registry.npmjs.org/object-inspect 23ms (cache miss)
1394 silly packumentCache full:https://registry.npmjs.org/object-inspect set size:undefined disposed:false
1395 http fetch GET 200 https://registry.npmjs.org/side-channel-map 252ms (cache miss)
1396 silly packumentCache full:https://registry.npmjs.org/side-channel-map set size:undefined disposed:false
1397 http fetch GET 200 https://registry.npmjs.org/side-channel-weakmap 257ms (cache miss)
1398 silly packumentCache full:https://registry.npmjs.org/side-channel-weakmap set size:undefined disposed:false
1399 http fetch GET 200 https://registry.npmjs.org/side-channel-list 264ms (cache miss)
1400 silly packumentCache full:https://registry.npmjs.org/side-channel-list set size:undefined disposed:false
1401 silly placeDep ROOT loose-envify@1.4.0 OK for: react@18.3.1 want: ^1.1.0
1402 silly placeDep ROOT scheduler@0.23.2 OK for: react-dom@18.3.1 want: ^0.23.2
1403 silly fetch manifest react@>=16.8
1404 silly packumentCache full:https://registry.npmjs.org/react cache-miss
1405 http fetch GET 200 https://registry.npmjs.org/react 14ms (cache hit)
1406 silly packumentCache full:https://registry.npmjs.org/react set size:6621771 disposed:false
1407 silly placeDep ROOT @remix-run/router@1.23.2 OK for: react-router-dom@6.30.3 want: 1.23.2
1408 silly placeDep ROOT react-router@6.30.3 OK for: react-router-dom@6.30.3 want: 6.30.3
1409 silly placeDep ROOT core-util-is@1.0.3 OK for: readable-stream@2.3.8 want: ~1.0.0
1410 silly placeDep ROOT isarray@1.0.0 OK for: readable-stream@2.3.8 want: ~1.0.0
1411 silly placeDep ROOT process-nextick-args@2.0.1 OK for: readable-stream@2.3.8 want: ~2.0.0
1412 silly placeDep node_modules/readable-stream safe-buffer@5.1.2 OK for: readable-stream@2.3.8 want: ~5.1.1
1413 silly placeDep ROOT string_decoder@1.1.1 OK for: readable-stream@2.3.8 want: ~1.1.1
1414 silly placeDep ROOT util-deprecate@1.0.2 OK for: readable-stream@2.3.8 want: ~1.0.1
1415 silly fetch manifest safe-buffer@~5.1.0
1416 silly packumentCache full:https://registry.npmjs.org/safe-buffer cache-hit
1417 silly placeDep node_modules/send debug@2.6.9 OK for: send@0.19.2 want: 2.6.9
1418 silly placeDep ROOT mime@1.6.0 OK for: send@0.19.2 want: 1.6.0
1419 silly placeDep ROOT object-inspect@1.13.4 OK for: side-channel@1.1.0 want: ^1.13.3
1420 silly placeDep ROOT side-channel-list@1.0.1 OK for: side-channel@1.1.0 want: ^1.0.0
1421 silly placeDep ROOT side-channel-map@1.0.1 OK for: side-channel@1.1.0 want: ^1.0.1
1422 silly placeDep ROOT side-channel-weakmap@1.0.2 OK for: side-channel@1.1.0 want: ^1.0.2
1423 silly fetch manifest call-bound@^1.0.2
1424 silly packumentCache full:https://registry.npmjs.org/call-bound cache-miss
1425 silly fetch manifest call-bound@^1.0.2
1426 silly packumentCache full:https://registry.npmjs.org/call-bound cache-miss
1427 http fetch GET 200 https://registry.npmjs.org/call-bound 24ms (cache miss)
1428 silly packumentCache full:https://registry.npmjs.org/call-bound set size:undefined disposed:false
1429 http fetch GET 200 https://registry.npmjs.org/call-bound 24ms (cache miss)
1430 silly packumentCache full:https://registry.npmjs.org/call-bound set size:undefined disposed:false
1431 silly placeDep ROOT call-bound@1.0.4 OK for: side-channel-map@1.0.1 want: ^1.0.2
1432 silly placeDep ROOT base64id@2.0.0 OK for: socket.io@4.8.3 want: ~2.0.0
1433 silly placeDep ROOT engine.io@6.6.6 OK for: socket.io@4.8.3 want: ~6.6.0
1434 silly placeDep ROOT socket.io-adapter@2.5.6 OK for: socket.io@4.8.3 want: ~2.5.2
1435 silly placeDep ROOT socket.io-parser@4.2.6 OK for: socket.io@4.8.3 want: ~4.2.4
1436 silly fetch manifest @types/cors@^2.8.12
1437 silly packumentCache full:https://registry.npmjs.org/@types%2fcors cache-miss
1438 silly fetch manifest @types/ws@^8.5.12
1439 silly packumentCache full:https://registry.npmjs.org/@types%2fws cache-miss
1440 silly fetch manifest engine.io-parser@~5.2.1
1441 silly packumentCache full:https://registry.npmjs.org/engine.io-parser cache-miss
1442 silly fetch manifest ws@~8.18.3
1443 silly packumentCache full:https://registry.npmjs.org/ws cache-miss
1444 silly fetch manifest ws@~8.18.3
1445 silly packumentCache full:https://registry.npmjs.org/ws cache-miss
1446 http fetch GET 200 https://registry.npmjs.org/ws 3ms (cache hit)
1447 silly packumentCache full:https://registry.npmjs.org/ws set size:415737 disposed:false
1448 http fetch GET 200 https://registry.npmjs.org/ws 6ms (cache hit)
1449 silly packumentCache full:https://registry.npmjs.org/ws set size:415737 disposed:false
1450 silly packumentCache full:https://registry.npmjs.org/ws dispose
1451 http fetch GET 200 https://registry.npmjs.org/@types%2fws 32ms (cache miss)
1452 silly packumentCache full:https://registry.npmjs.org/@types%2fws set size:undefined disposed:false
1453 http fetch GET 200 https://registry.npmjs.org/engine.io-parser 338ms (cache miss)
1454 silly packumentCache full:https://registry.npmjs.org/engine.io-parser set size:undefined disposed:false
1455 http fetch GET 200 https://registry.npmjs.org/@types%2fcors 492ms (cache miss)
1456 silly packumentCache full:https://registry.npmjs.org/@types%2fcors set size:undefined disposed:false
1457 silly placeDep ROOT @types/cors@2.8.19 OK for: engine.io@6.6.6 want: ^2.8.12
1458 silly placeDep ROOT @types/ws@8.18.1 OK for: engine.io@6.6.6 want: ^8.5.12
1459 silly placeDep ROOT engine.io-parser@5.2.3 OK for: engine.io@6.6.6 want: ~5.2.1
1460 silly placeDep node_modules/engine.io ws@8.18.3 OK for: engine.io@6.6.6 want: ~8.18.3
1461 silly placeDep node_modules/socket.io-adapter ws@8.18.3 OK for: socket.io-adapter@2.5.6 want: ~8.18.3
1462 silly placeDep ROOT @socket.io/component-emitter@3.1.2 OK for: socket.io-client@4.8.3 want: ~3.1.0
1463 silly placeDep ROOT engine.io-client@6.6.4 OK for: socket.io-client@4.8.3 want: ~6.6.1
1464 silly fetch manifest xmlhttprequest-ssl@~2.1.1
1465 silly packumentCache full:https://registry.npmjs.org/xmlhttprequest-ssl cache-miss
1466 http fetch GET 200 https://registry.npmjs.org/xmlhttprequest-ssl 251ms (cache miss)
1467 silly packumentCache full:https://registry.npmjs.org/xmlhttprequest-ssl set size:undefined disposed:false
1468 silly placeDep node_modules/engine.io-client ws@8.18.3 OK for: engine.io-client@6.6.4 want: ~8.18.3
1469 silly placeDep ROOT xmlhttprequest-ssl@2.1.2 OK for: engine.io-client@6.6.4 want: ~2.1.1
1470 silly placeDep node_modules/string_decoder safe-buffer@5.1.2 OK for: string_decoder@1.1.1 want: ~5.1.0
1471 silly placeDep ROOT media-typer@0.3.0 OK for: type-is@1.6.18 want: 0.3.0
1472 silly placeDep ROOT escalade@3.2.0 OK for: update-browserslist-db@1.2.3 want: ^3.2.0
1473 silly placeDep ROOT esbuild@0.21.5 OK for: vite@5.4.21 want: ^0.21.3
1474 silly placeDep ROOT fsevents@2.3.3 OK for: vite@5.4.21 want: ~2.3.3
1475 silly placeDep ROOT postcss@8.5.10 OK for: vite@5.4.21 want: ^8.4.43
1476 silly placeDep ROOT rollup@4.60.2 OK for: vite@5.4.21 want: ^4.20.0
1477 silly fetch manifest @esbuild/aix-ppc64@0.21.5
1478 silly packumentCache full:https://registry.npmjs.org/@esbuild%2faix-ppc64 cache-miss
1479 silly fetch manifest @esbuild/linux-arm@0.21.5
1480 silly packumentCache full:https://registry.npmjs.org/@esbuild%2flinux-arm cache-miss
1481 silly fetch manifest @esbuild/linux-x64@0.21.5
1482 silly packumentCache full:https://registry.npmjs.org/@esbuild%2flinux-x64 cache-miss
1483 silly fetch manifest @esbuild/sunos-x64@0.21.5
1484 silly packumentCache full:https://registry.npmjs.org/@esbuild%2fsunos-x64 cache-miss
1485 silly fetch manifest @esbuild/win32-x64@0.21.5
1486 silly packumentCache full:https://registry.npmjs.org/@esbuild%2fwin32-x64 cache-miss
1487 silly fetch manifest @esbuild/darwin-x64@0.21.5
1488 silly packumentCache full:https://registry.npmjs.org/@esbuild%2fdarwin-x64 cache-miss
1489 silly fetch manifest @esbuild/linux-ia32@0.21.5
1490 silly packumentCache full:https://registry.npmjs.org/@esbuild%2flinux-ia32 cache-miss
1491 http fetch GET 200 https://registry.npmjs.org/@esbuild%2faix-ppc64 34ms (cache miss)
1492 silly packumentCache full:https://registry.npmjs.org/@esbuild%2faix-ppc64 set size:undefined disposed:false
1493 silly fetch manifest @esbuild/netbsd-x64@0.21.5
1494 silly packumentCache full:https://registry.npmjs.org/@esbuild%2fnetbsd-x64 cache-miss
1495 http fetch GET 200 https://registry.npmjs.org/@esbuild%2flinux-arm 39ms (cache miss)
1496 silly packumentCache full:https://registry.npmjs.org/@esbuild%2flinux-arm set size:undefined disposed:false
1497 silly fetch manifest @esbuild/win32-ia32@0.21.5
1498 silly packumentCache full:https://registry.npmjs.org/@esbuild%2fwin32-ia32 cache-miss
1499 http fetch GET 200 https://registry.npmjs.org/@esbuild%2fsunos-x64 46ms (cache miss)
1500 silly packumentCache full:https://registry.npmjs.org/@esbuild%2fsunos-x64 set size:undefined disposed:false
1501 silly fetch manifest @esbuild/android-arm@0.21.5
1502 silly packumentCache full:https://registry.npmjs.org/@esbuild%2fandroid-arm cache-miss
1503 http fetch GET 200 https://registry.npmjs.org/@esbuild%2flinux-ia32 48ms (cache miss)
1504 silly packumentCache full:https://registry.npmjs.org/@esbuild%2flinux-ia32 set size:undefined disposed:false
1505 silly fetch manifest @esbuild/android-x64@0.21.5
1506 silly packumentCache full:https://registry.npmjs.org/@esbuild%2fandroid-x64 cache-miss
1507 http fetch GET 200 https://registry.npmjs.org/@esbuild%2flinux-x64 51ms (cache miss)
1508 silly packumentCache full:https://registry.npmjs.org/@esbuild%2flinux-x64 set size:undefined disposed:false
1509 silly fetch manifest @esbuild/freebsd-x64@0.21.5
1510 silly packumentCache full:https://registry.npmjs.org/@esbuild%2ffreebsd-x64 cache-miss
1511 http fetch GET 200 https://registry.npmjs.org/@esbuild%2fdarwin-x64 56ms (cache miss)
1512 silly packumentCache full:https://registry.npmjs.org/@esbuild%2fdarwin-x64 set size:undefined disposed:false
1513 silly fetch manifest @esbuild/linux-arm64@0.21.5
1514 silly packumentCache full:https://registry.npmjs.org/@esbuild%2flinux-arm64 cache-miss
1515 http fetch GET 200 https://registry.npmjs.org/@esbuild%2fwin32-x64 60ms (cache miss)
1516 silly packumentCache full:https://registry.npmjs.org/@esbuild%2fwin32-x64 set size:undefined disposed:false
1517 silly fetch manifest @esbuild/linux-ppc64@0.21.5
1518 silly packumentCache full:https://registry.npmjs.org/@esbuild%2flinux-ppc64 cache-miss
1519 http fetch GET 200 https://registry.npmjs.org/@esbuild%2fnetbsd-x64 45ms (cache miss)
1520 silly packumentCache full:https://registry.npmjs.org/@esbuild%2fnetbsd-x64 set size:undefined disposed:false
1521 silly fetch manifest @esbuild/linux-s390x@0.21.5
1522 silly packumentCache full:https://registry.npmjs.org/@esbuild%2flinux-s390x cache-miss
1523 http fetch GET 200 https://registry.npmjs.org/@esbuild%2fwin32-ia32 41ms (cache miss)
1524 silly packumentCache full:https://registry.npmjs.org/@esbuild%2fwin32-ia32 set size:undefined disposed:false
1525 silly fetch manifest @esbuild/openbsd-x64@0.21.5
1526 silly packumentCache full:https://registry.npmjs.org/@esbuild%2fopenbsd-x64 cache-miss
1527 http fetch GET 200 https://registry.npmjs.org/@esbuild%2fandroid-arm 38ms (cache miss)
1528 silly packumentCache full:https://registry.npmjs.org/@esbuild%2fandroid-arm set size:undefined disposed:false
1529 silly fetch manifest @esbuild/win32-arm64@0.21.5
1530 silly packumentCache full:https://registry.npmjs.org/@esbuild%2fwin32-arm64 cache-miss
1531 http fetch GET 200 https://registry.npmjs.org/@esbuild%2fandroid-x64 38ms (cache miss)
1532 silly packumentCache full:https://registry.npmjs.org/@esbuild%2fandroid-x64 set size:undefined disposed:false
1533 silly fetch manifest @esbuild/darwin-arm64@0.21.5
1534 silly packumentCache full:https://registry.npmjs.org/@esbuild%2fdarwin-arm64 cache-miss
1535 http fetch GET 200 https://registry.npmjs.org/@esbuild%2ffreebsd-x64 38ms (cache miss)
1536 silly packumentCache full:https://registry.npmjs.org/@esbuild%2ffreebsd-x64 set size:undefined disposed:false
1537 silly fetch manifest @esbuild/android-arm64@0.21.5
1538 silly packumentCache full:https://registry.npmjs.org/@esbuild%2fandroid-arm64 cache-miss
1539 http fetch GET 200 https://registry.npmjs.org/@esbuild%2flinux-ppc64 47ms (cache miss)
1540 silly packumentCache full:https://registry.npmjs.org/@esbuild%2flinux-ppc64 set size:undefined disposed:false
1541 silly fetch manifest @esbuild/freebsd-arm64@0.21.5
1542 silly packumentCache full:https://registry.npmjs.org/@esbuild%2ffreebsd-arm64 cache-miss
1543 http fetch GET 200 https://registry.npmjs.org/@esbuild%2flinux-arm64 52ms (cache miss)
1544 silly packumentCache full:https://registry.npmjs.org/@esbuild%2flinux-arm64 set size:undefined disposed:false
1545 silly fetch manifest @esbuild/linux-loong64@0.21.5
1546 silly packumentCache full:https://registry.npmjs.org/@esbuild%2flinux-loong64 cache-miss
1547 http fetch GET 200 https://registry.npmjs.org/@esbuild%2fwin32-arm64 35ms (cache miss)
1548 silly packumentCache full:https://registry.npmjs.org/@esbuild%2fwin32-arm64 set size:undefined disposed:false
1549 silly fetch manifest @esbuild/linux-riscv64@0.21.5
1550 silly packumentCache full:https://registry.npmjs.org/@esbuild%2flinux-riscv64 cache-miss
1551 http fetch GET 200 https://registry.npmjs.org/@esbuild%2fopenbsd-x64 41ms (cache miss)
1552 silly packumentCache full:https://registry.npmjs.org/@esbuild%2fopenbsd-x64 set size:undefined disposed:false
1553 silly fetch manifest @esbuild/linux-mips64el@0.21.5
1554 silly packumentCache full:https://registry.npmjs.org/@esbuild%2flinux-mips64el cache-miss
1555 http fetch GET 200 https://registry.npmjs.org/@esbuild%2fdarwin-arm64 37ms (cache miss)
1556 silly packumentCache full:https://registry.npmjs.org/@esbuild%2fdarwin-arm64 set size:undefined disposed:false
1557 silly fetch manifest nanoid@^3.3.11
1558 silly packumentCache full:https://registry.npmjs.org/nanoid cache-miss
1559 http fetch GET 200 https://registry.npmjs.org/@esbuild%2fandroid-arm64 38ms (cache miss)
1560 silly packumentCache full:https://registry.npmjs.org/@esbuild%2fandroid-arm64 set size:undefined disposed:false
1561 silly fetch manifest source-map-js@^1.2.1
1562 silly packumentCache full:https://registry.npmjs.org/source-map-js cache-miss
1563 http fetch GET 200 https://registry.npmjs.org/@esbuild%2flinux-loong64 38ms (cache miss)
1564 silly packumentCache full:https://registry.npmjs.org/@esbuild%2flinux-loong64 set size:undefined disposed:false
1565 silly fetch manifest @types/estree@1.0.8
1566 silly packumentCache full:https://registry.npmjs.org/@types%2festree cache-miss
1567 http fetch GET 200 https://registry.npmjs.org/@esbuild%2ffreebsd-arm64 42ms (cache miss)
1568 silly packumentCache full:https://registry.npmjs.org/@esbuild%2ffreebsd-arm64 set size:undefined disposed:false
1569 silly fetch manifest @rollup/rollup-darwin-arm64@4.60.2
1570 silly packumentCache full:https://registry.npmjs.org/@rollup%2frollup-darwin-arm64 cache-miss
1571 http fetch GET 200 https://registry.npmjs.org/source-map-js 27ms (cache miss)
1572 silly packumentCache full:https://registry.npmjs.org/source-map-js set size:undefined disposed:false
1573 silly fetch manifest @rollup/rollup-android-arm64@4.60.2
1574 silly packumentCache full:https://registry.npmjs.org/@rollup%2frollup-android-arm64 cache-miss
1575 http fetch GET 200 https://registry.npmjs.org/nanoid 31ms (cache miss)
1576 silly packumentCache full:https://registry.npmjs.org/nanoid set size:undefined disposed:false
1577 silly fetch manifest @rollup/rollup-win32-arm64-msvc@4.60.2
1578 silly packumentCache full:https://registry.npmjs.org/@rollup%2frollup-win32-arm64-msvc cache-miss
1579 http fetch GET 200 https://registry.npmjs.org/@esbuild%2flinux-riscv64 41ms (cache miss)
1580 silly packumentCache full:https://registry.npmjs.org/@esbuild%2flinux-riscv64 set size:undefined disposed:false
1581 silly fetch manifest @rollup/rollup-freebsd-arm64@4.60.2
1582 silly packumentCache full:https://registry.npmjs.org/@rollup%2frollup-freebsd-arm64 cache-miss
1583 http fetch GET 200 https://registry.npmjs.org/@types%2festree 29ms (cache miss)
1584 silly packumentCache full:https://registry.npmjs.org/@types%2festree set size:undefined disposed:false
1585 silly fetch manifest @rollup/rollup-linux-arm64-gnu@4.60.2
1586 silly packumentCache full:https://registry.npmjs.org/@rollup%2frollup-linux-arm64-gnu cache-miss
1587 http fetch GET 200 https://registry.npmjs.org/@rollup%2frollup-win32-arm64-msvc 37ms (cache miss)
1588 silly packumentCache full:https://registry.npmjs.org/@rollup%2frollup-win32-arm64-msvc set size:undefined disposed:false
1589 silly fetch manifest @rollup/rollup-linux-arm64-musl@4.60.2
1590 silly packumentCache full:https://registry.npmjs.org/@rollup%2frollup-linux-arm64-musl cache-miss
1591 http fetch GET 200 https://registry.npmjs.org/@esbuild%2flinux-s390x 269ms (cache miss)
1592 silly packumentCache full:https://registry.npmjs.org/@esbuild%2flinux-s390x set size:undefined disposed:false
1593 silly fetch manifest @rollup/rollup-android-arm-eabi@4.60.2
1594 silly packumentCache full:https://registry.npmjs.org/@rollup%2frollup-android-arm-eabi cache-miss
1595 http fetch GET 200 https://registry.npmjs.org/@rollup%2frollup-linux-arm64-gnu 180ms (cache miss)
1596 silly packumentCache full:https://registry.npmjs.org/@rollup%2frollup-linux-arm64-gnu set size:undefined disposed:false
1597 silly fetch manifest @rollup/rollup-linux-arm-gnueabihf@4.60.2
1598 silly packumentCache full:https://registry.npmjs.org/@rollup%2frollup-linux-arm-gnueabihf cache-miss
1599 http fetch GET 200 https://registry.npmjs.org/@esbuild%2flinux-mips64el 267ms (cache miss)
1600 silly packumentCache full:https://registry.npmjs.org/@esbuild%2flinux-mips64el set size:undefined disposed:false
1601 silly fetch manifest @rollup/rollup-linux-arm-musleabihf@4.60.2
1602 silly packumentCache full:https://registry.npmjs.org/@rollup%2frollup-linux-arm-musleabihf cache-miss
1603 http fetch GET 200 https://registry.npmjs.org/@rollup%2frollup-linux-arm-gnueabihf 178ms (cache miss)
1604 silly packumentCache full:https://registry.npmjs.org/@rollup%2frollup-linux-arm-gnueabihf set size:undefined disposed:false
1605 silly fetch manifest @rollup/rollup-win32-ia32-msvc@4.60.2
1606 silly packumentCache full:https://registry.npmjs.org/@rollup%2frollup-win32-ia32-msvc cache-miss
1607 http fetch GET 200 https://registry.npmjs.org/@rollup%2frollup-freebsd-arm64 641ms (cache miss)
1608 silly packumentCache full:https://registry.npmjs.org/@rollup%2frollup-freebsd-arm64 set size:undefined disposed:false
1609 silly fetch manifest @rollup/rollup-linux-loong64-gnu@4.60.2
1610 silly packumentCache full:https://registry.npmjs.org/@rollup%2frollup-linux-loong64-gnu cache-miss
1611 http fetch GET 200 https://registry.npmjs.org/@rollup%2frollup-darwin-arm64 658ms (cache miss)
1612 silly packumentCache full:https://registry.npmjs.org/@rollup%2frollup-darwin-arm64 set size:undefined disposed:false
1613 silly fetch manifest @rollup/rollup-linux-loong64-musl@4.60.2
1614 silly packumentCache full:https://registry.npmjs.org/@rollup%2frollup-linux-loong64-musl cache-miss
1615 http fetch GET 200 https://registry.npmjs.org/@rollup%2frollup-android-arm64 660ms (cache miss)
1616 silly packumentCache full:https://registry.npmjs.org/@rollup%2frollup-android-arm64 set size:undefined disposed:false
1617 silly fetch manifest @rollup/rollup-linux-riscv64-gnu@4.60.2
1618 silly packumentCache full:https://registry.npmjs.org/@rollup%2frollup-linux-riscv64-gnu cache-miss
1619 http fetch GET 200 https://registry.npmjs.org/@rollup%2frollup-linux-loong64-gnu 181ms (cache miss)
1620 silly packumentCache full:https://registry.npmjs.org/@rollup%2frollup-linux-loong64-gnu set size:undefined disposed:false
1621 silly fetch manifest @rollup/rollup-linux-riscv64-musl@4.60.2
1622 silly packumentCache full:https://registry.npmjs.org/@rollup%2frollup-linux-riscv64-musl cache-miss
1623 http fetch GET 200 https://registry.npmjs.org/@rollup%2frollup-android-arm-eabi 651ms (cache miss)
1624 silly packumentCache full:https://registry.npmjs.org/@rollup%2frollup-android-arm-eabi set size:undefined disposed:false
1625 silly fetch manifest @rollup/rollup-linux-ppc64-gnu@4.60.2
1626 silly packumentCache full:https://registry.npmjs.org/@rollup%2frollup-linux-ppc64-gnu cache-miss
1627 http fetch GET 200 https://registry.npmjs.org/@rollup%2frollup-linux-arm-musleabihf 652ms (cache miss)
1628 silly packumentCache full:https://registry.npmjs.org/@rollup%2frollup-linux-arm-musleabihf set size:undefined disposed:false
1629 silly fetch manifest @rollup/rollup-linux-ppc64-musl@4.60.2
1630 silly packumentCache full:https://registry.npmjs.org/@rollup%2frollup-linux-ppc64-musl cache-miss
1631 http fetch GET 200 https://registry.npmjs.org/@rollup%2frollup-win32-ia32-msvc 658ms (cache miss)
1632 silly packumentCache full:https://registry.npmjs.org/@rollup%2frollup-win32-ia32-msvc set size:undefined disposed:false
1633 silly fetch manifest @rollup/rollup-linux-s390x-gnu@4.60.2
1634 silly packumentCache full:https://registry.npmjs.org/@rollup%2frollup-linux-s390x-gnu cache-miss
1635 http fetch GET 200 https://registry.npmjs.org/@rollup%2frollup-linux-loong64-musl 666ms (cache miss)
1636 silly packumentCache full:https://registry.npmjs.org/@rollup%2frollup-linux-loong64-musl set size:undefined disposed:false
1637 silly fetch manifest @rollup/rollup-darwin-x64@4.60.2
1638 silly packumentCache full:https://registry.npmjs.org/@rollup%2frollup-darwin-x64 cache-miss
1639 http fetch GET 200 https://registry.npmjs.org/@rollup%2frollup-linux-riscv64-musl 652ms (cache miss)
1640 silly packumentCache full:https://registry.npmjs.org/@rollup%2frollup-linux-riscv64-musl set size:undefined disposed:false
1641 silly fetch manifest @rollup/rollup-win32-x64-gnu@4.60.2
1642 silly packumentCache full:https://registry.npmjs.org/@rollup%2frollup-win32-x64-gnu cache-miss
1643 http fetch GET 200 https://registry.npmjs.org/@rollup%2frollup-linux-ppc64-musl 655ms (cache miss)
1644 silly packumentCache full:https://registry.npmjs.org/@rollup%2frollup-linux-ppc64-musl set size:undefined disposed:false
1645 silly fetch manifest @rollup/rollup-win32-x64-msvc@4.60.2
1646 silly packumentCache full:https://registry.npmjs.org/@rollup%2frollup-win32-x64-msvc cache-miss
1647 http fetch GET 200 https://registry.npmjs.org/@rollup%2frollup-linux-arm64-musl 1580ms (cache miss)
1648 silly packumentCache full:https://registry.npmjs.org/@rollup%2frollup-linux-arm64-musl set size:undefined disposed:false
1649 silly fetch manifest @rollup/rollup-freebsd-x64@4.60.2
1650 silly packumentCache full:https://registry.npmjs.org/@rollup%2frollup-freebsd-x64 cache-miss
1651 http fetch GET 200 https://registry.npmjs.org/@rollup%2frollup-linux-riscv64-gnu 1122ms (cache miss)
1652 silly packumentCache full:https://registry.npmjs.org/@rollup%2frollup-linux-riscv64-gnu set size:undefined disposed:false
1653 silly fetch manifest @rollup/rollup-linux-x64-gnu@4.60.2
1654 silly packumentCache full:https://registry.npmjs.org/@rollup%2frollup-linux-x64-gnu cache-miss
1655 http fetch GET 200 https://registry.npmjs.org/@rollup%2frollup-linux-ppc64-gnu 1116ms (cache miss)
1656 silly packumentCache full:https://registry.npmjs.org/@rollup%2frollup-linux-ppc64-gnu set size:undefined disposed:false
1657 silly fetch manifest @rollup/rollup-linux-x64-musl@4.60.2
1658 silly packumentCache full:https://registry.npmjs.org/@rollup%2frollup-linux-x64-musl cache-miss
1659 http fetch GET 200 https://registry.npmjs.org/@rollup%2frollup-darwin-x64 668ms (cache miss)
1660 silly packumentCache full:https://registry.npmjs.org/@rollup%2frollup-darwin-x64 set size:undefined disposed:false
1661 silly fetch manifest @rollup/rollup-openbsd-x64@4.60.2
1662 silly packumentCache full:https://registry.npmjs.org/@rollup%2frollup-openbsd-x64 cache-miss
1663 http fetch GET 200 https://registry.npmjs.org/@rollup%2frollup-linux-s390x-gnu 1095ms (cache miss)
1664 silly packumentCache full:https://registry.npmjs.org/@rollup%2frollup-linux-s390x-gnu set size:undefined disposed:false
1665 silly fetch manifest @rollup/rollup-openharmony-arm64@4.60.2
1666 silly packumentCache full:https://registry.npmjs.org/@rollup%2frollup-openharmony-arm64 cache-miss
1667 http fetch GET 200 https://registry.npmjs.org/@rollup%2frollup-win32-x64-gnu 661ms (cache miss)
1668 silly packumentCache full:https://registry.npmjs.org/@rollup%2frollup-win32-x64-gnu set size:undefined disposed:false
1669 http fetch GET 200 https://registry.npmjs.org/@rollup%2frollup-win32-x64-msvc 678ms (cache miss)
1670 silly packumentCache full:https://registry.npmjs.org/@rollup%2frollup-win32-x64-msvc set size:undefined disposed:false
1671 http fetch GET 200 https://registry.npmjs.org/@rollup%2frollup-freebsd-x64 643ms (cache miss)
1672 silly packumentCache full:https://registry.npmjs.org/@rollup%2frollup-freebsd-x64 set size:undefined disposed:false
1673 http fetch GET 200 https://registry.npmjs.org/@rollup%2frollup-linux-x64-gnu 642ms (cache miss)
1674 silly packumentCache full:https://registry.npmjs.org/@rollup%2frollup-linux-x64-gnu set size:undefined disposed:false
1675 http fetch GET 200 https://registry.npmjs.org/@rollup%2frollup-openbsd-x64 642ms (cache miss)
1676 silly packumentCache full:https://registry.npmjs.org/@rollup%2frollup-openbsd-x64 set size:undefined disposed:false
1677 http fetch GET 200 https://registry.npmjs.org/@rollup%2frollup-openharmony-arm64 658ms (cache miss)
1678 silly packumentCache full:https://registry.npmjs.org/@rollup%2frollup-openharmony-arm64 set size:undefined disposed:false
1679 http fetch GET 200 https://registry.npmjs.org/@rollup%2frollup-linux-x64-musl 981ms (cache miss)
1680 silly packumentCache full:https://registry.npmjs.org/@rollup%2frollup-linux-x64-musl set size:undefined disposed:false
1681 silly placeDep ROOT @esbuild/aix-ppc64@0.21.5 OK for: esbuild@0.21.5 want: 0.21.5
1682 silly placeDep ROOT @esbuild/android-arm@0.21.5 OK for: esbuild@0.21.5 want: 0.21.5
1683 silly placeDep ROOT @esbuild/android-arm64@0.21.5 OK for: esbuild@0.21.5 want: 0.21.5
1684 silly placeDep ROOT @esbuild/android-x64@0.21.5 OK for: esbuild@0.21.5 want: 0.21.5
1685 silly placeDep ROOT @esbuild/darwin-arm64@0.21.5 OK for: esbuild@0.21.5 want: 0.21.5
1686 silly placeDep ROOT @esbuild/darwin-x64@0.21.5 OK for: esbuild@0.21.5 want: 0.21.5
1687 silly placeDep ROOT @esbuild/freebsd-arm64@0.21.5 OK for: esbuild@0.21.5 want: 0.21.5
1688 silly placeDep ROOT @esbuild/freebsd-x64@0.21.5 OK for: esbuild@0.21.5 want: 0.21.5
1689 silly placeDep ROOT @esbuild/linux-arm@0.21.5 OK for: esbuild@0.21.5 want: 0.21.5
1690 silly placeDep ROOT @esbuild/linux-arm64@0.21.5 OK for: esbuild@0.21.5 want: 0.21.5
1691 silly placeDep ROOT @esbuild/linux-ia32@0.21.5 OK for: esbuild@0.21.5 want: 0.21.5
1692 silly placeDep ROOT @esbuild/linux-loong64@0.21.5 OK for: esbuild@0.21.5 want: 0.21.5
1693 silly placeDep ROOT @esbuild/linux-mips64el@0.21.5 OK for: esbuild@0.21.5 want: 0.21.5
1694 silly placeDep ROOT @esbuild/linux-ppc64@0.21.5 OK for: esbuild@0.21.5 want: 0.21.5
1695 silly placeDep ROOT @esbuild/linux-riscv64@0.21.5 OK for: esbuild@0.21.5 want: 0.21.5
1696 silly placeDep ROOT @esbuild/linux-s390x@0.21.5 OK for: esbuild@0.21.5 want: 0.21.5
1697 silly placeDep ROOT @esbuild/linux-x64@0.21.5 OK for: esbuild@0.21.5 want: 0.21.5
1698 silly placeDep ROOT @esbuild/netbsd-x64@0.21.5 OK for: esbuild@0.21.5 want: 0.21.5
1699 silly placeDep ROOT @esbuild/openbsd-x64@0.21.5 OK for: esbuild@0.21.5 want: 0.21.5
1700 silly placeDep ROOT @esbuild/sunos-x64@0.21.5 OK for: esbuild@0.21.5 want: 0.21.5
1701 silly placeDep ROOT @esbuild/win32-arm64@0.21.5 OK for: esbuild@0.21.5 want: 0.21.5
1702 silly placeDep ROOT @esbuild/win32-ia32@0.21.5 OK for: esbuild@0.21.5 want: 0.21.5
1703 silly placeDep ROOT @esbuild/win32-x64@0.21.5 OK for: esbuild@0.21.5 want: 0.21.5
1704 silly placeDep ROOT nanoid@3.3.11 OK for: postcss@8.5.10 want: ^3.3.11
1705 silly placeDep ROOT source-map-js@1.2.1 OK for: postcss@8.5.10 want: ^1.2.1
1706 silly placeDep ROOT @rollup/rollup-android-arm-eabi@4.60.2 OK for: rollup@4.60.2 want: 4.60.2
1707 silly placeDep ROOT @rollup/rollup-android-arm64@4.60.2 OK for: rollup@4.60.2 want: 4.60.2
1708 silly placeDep ROOT @rollup/rollup-darwin-arm64@4.60.2 OK for: rollup@4.60.2 want: 4.60.2
1709 silly placeDep ROOT @rollup/rollup-darwin-x64@4.60.2 OK for: rollup@4.60.2 want: 4.60.2
1710 silly placeDep ROOT @rollup/rollup-freebsd-arm64@4.60.2 OK for: rollup@4.60.2 want: 4.60.2
1711 silly placeDep ROOT @rollup/rollup-freebsd-x64@4.60.2 OK for: rollup@4.60.2 want: 4.60.2
1712 silly placeDep ROOT @rollup/rollup-linux-arm-gnueabihf@4.60.2 OK for: rollup@4.60.2 want: 4.60.2
1713 silly placeDep ROOT @rollup/rollup-linux-arm-musleabihf@4.60.2 OK for: rollup@4.60.2 want: 4.60.2
1714 silly placeDep ROOT @rollup/rollup-linux-arm64-gnu@4.60.2 OK for: rollup@4.60.2 want: 4.60.2
1715 silly placeDep ROOT @rollup/rollup-linux-arm64-musl@4.60.2 OK for: rollup@4.60.2 want: 4.60.2
1716 silly placeDep ROOT @rollup/rollup-linux-loong64-gnu@4.60.2 OK for: rollup@4.60.2 want: 4.60.2
1717 silly placeDep ROOT @rollup/rollup-linux-loong64-musl@4.60.2 OK for: rollup@4.60.2 want: 4.60.2
1718 silly placeDep ROOT @rollup/rollup-linux-ppc64-gnu@4.60.2 OK for: rollup@4.60.2 want: 4.60.2
1719 silly placeDep ROOT @rollup/rollup-linux-ppc64-musl@4.60.2 OK for: rollup@4.60.2 want: 4.60.2
1720 silly placeDep ROOT @rollup/rollup-linux-riscv64-gnu@4.60.2 OK for: rollup@4.60.2 want: 4.60.2
1721 silly placeDep ROOT @rollup/rollup-linux-riscv64-musl@4.60.2 OK for: rollup@4.60.2 want: 4.60.2
1722 silly placeDep ROOT @rollup/rollup-linux-s390x-gnu@4.60.2 OK for: rollup@4.60.2 want: 4.60.2
1723 silly placeDep ROOT @rollup/rollup-linux-x64-gnu@4.60.2 OK for: rollup@4.60.2 want: 4.60.2
1724 silly placeDep ROOT @rollup/rollup-linux-x64-musl@4.60.2 OK for: rollup@4.60.2 want: 4.60.2
1725 silly placeDep ROOT @rollup/rollup-openbsd-x64@4.60.2 OK for: rollup@4.60.2 want: 4.60.2
1726 silly placeDep ROOT @rollup/rollup-openharmony-arm64@4.60.2 OK for: rollup@4.60.2 want: 4.60.2
1727 silly placeDep ROOT @rollup/rollup-win32-arm64-msvc@4.60.2 OK for: rollup@4.60.2 want: 4.60.2
1728 silly placeDep ROOT @rollup/rollup-win32-ia32-msvc@4.60.2 OK for: rollup@4.60.2 want: 4.60.2
1729 silly placeDep ROOT @rollup/rollup-win32-x64-gnu@4.60.2 OK for: rollup@4.60.2 want: 4.60.2
1730 silly placeDep ROOT @rollup/rollup-win32-x64-msvc@4.60.2 OK for: rollup@4.60.2 want: 4.60.2
1731 silly placeDep ROOT @types/estree@1.0.8 OK for: rollup@4.60.2 want: 1.0.8
1732 silly placeDep ROOT cliui@6.0.0 OK for: yargs@15.4.1 want: ^6.0.0
1733 silly placeDep ROOT decamelize@1.2.0 OK for: yargs@15.4.1 want: ^1.2.0
1734 silly placeDep ROOT find-up@4.1.0 OK for: yargs@15.4.1 want: ^4.1.0
1735 silly placeDep ROOT get-caller-file@2.0.5 OK for: yargs@15.4.1 want: ^2.0.1
1736 silly placeDep ROOT require-directory@2.1.1 OK for: yargs@15.4.1 want: ^2.1.1
1737 silly placeDep ROOT require-main-filename@2.0.0 OK for: yargs@15.4.1 want: ^2.0.0
1738 silly placeDep ROOT set-blocking@2.0.0 OK for: yargs@15.4.1 want: ^2.0.0
1739 silly placeDep ROOT string-width@4.2.3 OK for: yargs@15.4.1 want: ^4.2.0
1740 silly placeDep ROOT which-module@2.0.1 OK for: yargs@15.4.1 want: ^2.0.0
1741 silly placeDep ROOT y18n@4.0.3 OK for: yargs@15.4.1 want: ^4.0.0
1742 silly placeDep ROOT yargs-parser@18.1.3 OK for: yargs@15.4.1 want: ^18.1.2
1743 silly fetch manifest wrap-ansi@^6.2.0
1744 silly packumentCache full:https://registry.npmjs.org/wrap-ansi cache-miss
1745 silly fetch manifest strip-ansi@^6.0.0
1746 silly packumentCache full:https://registry.npmjs.org/strip-ansi cache-miss
1747 silly fetch manifest locate-path@^5.0.0
1748 silly packumentCache full:https://registry.npmjs.org/locate-path cache-miss
1749 silly fetch manifest path-exists@^4.0.0
1750 silly packumentCache full:https://registry.npmjs.org/path-exists cache-miss
1751 silly fetch manifest strip-ansi@^6.0.1
1752 silly packumentCache full:https://registry.npmjs.org/strip-ansi cache-miss
1753 silly fetch manifest emoji-regex@^8.0.0
1754 silly packumentCache full:https://registry.npmjs.org/emoji-regex cache-miss
1755 silly fetch manifest is-fullwidth-code-point@^3.0.0
1756 silly packumentCache full:https://registry.npmjs.org/is-fullwidth-code-point cache-miss
1757 http fetch GET 200 https://registry.npmjs.org/locate-path 25ms (cache miss)
1758 silly packumentCache full:https://registry.npmjs.org/locate-path set size:undefined disposed:false
1759 silly fetch manifest camelcase@^5.0.0
1760 silly packumentCache full:https://registry.npmjs.org/camelcase cache-miss
1761 http fetch GET 200 https://registry.npmjs.org/is-fullwidth-code-point 24ms (cache miss)
1762 silly packumentCache full:https://registry.npmjs.org/is-fullwidth-code-point set size:undefined disposed:false
1763 http fetch GET 200 https://registry.npmjs.org/wrap-ansi 27ms (cache miss)
1764 silly packumentCache full:https://registry.npmjs.org/wrap-ansi set size:undefined disposed:false
1765 http fetch GET 200 https://registry.npmjs.org/strip-ansi 26ms (cache miss)
1766 silly packumentCache full:https://registry.npmjs.org/strip-ansi set size:undefined disposed:false
1767 http fetch GET 200 https://registry.npmjs.org/path-exists 26ms (cache miss)
1768 silly packumentCache full:https://registry.npmjs.org/path-exists set size:undefined disposed:false
1769 http fetch GET 200 https://registry.npmjs.org/strip-ansi 28ms (cache miss)
1770 silly packumentCache full:https://registry.npmjs.org/strip-ansi set size:undefined disposed:false
1771 http fetch GET 200 https://registry.npmjs.org/emoji-regex 27ms (cache miss)
1772 silly packumentCache full:https://registry.npmjs.org/emoji-regex set size:undefined disposed:false
1773 http fetch GET 200 https://registry.npmjs.org/camelcase 20ms (cache miss)
1774 silly packumentCache full:https://registry.npmjs.org/camelcase set size:undefined disposed:false
1775 silly placeDep ROOT strip-ansi@6.0.1 OK for: cliui@6.0.0 want: ^6.0.0
1776 silly placeDep ROOT wrap-ansi@6.2.0 OK for: cliui@6.0.0 want: ^6.2.0
1777 silly fetch manifest ansi-regex@^5.0.1
1778 silly packumentCache full:https://registry.npmjs.org/ansi-regex cache-miss
1779 silly fetch manifest ansi-styles@^4.0.0
1780 silly packumentCache full:https://registry.npmjs.org/ansi-styles cache-miss
1781 http fetch GET 200 https://registry.npmjs.org/ansi-styles 22ms (cache miss)
1782 silly packumentCache full:https://registry.npmjs.org/ansi-styles set size:undefined disposed:false
1783 http fetch GET 200 https://registry.npmjs.org/ansi-regex 24ms (cache miss)
1784 silly packumentCache full:https://registry.npmjs.org/ansi-regex set size:undefined disposed:false
1785 silly placeDep ROOT locate-path@5.0.0 OK for: find-up@4.1.0 want: ^5.0.0
1786 silly placeDep ROOT path-exists@4.0.0 OK for: find-up@4.1.0 want: ^4.0.0
1787 silly fetch manifest p-locate@^4.1.0
1788 silly packumentCache full:https://registry.npmjs.org/p-locate cache-miss
1789 http fetch GET 200 https://registry.npmjs.org/p-locate 19ms (cache miss)
1790 silly packumentCache full:https://registry.npmjs.org/p-locate set size:undefined disposed:false
1791 silly placeDep ROOT p-locate@4.1.0 OK for: locate-path@5.0.0 want: ^4.1.0
1792 silly fetch manifest p-limit@^2.2.0
1793 silly packumentCache full:https://registry.npmjs.org/p-limit cache-miss
1794 http fetch GET 200 https://registry.npmjs.org/p-limit 21ms (cache miss)
1795 silly packumentCache full:https://registry.npmjs.org/p-limit set size:undefined disposed:false
1796 silly placeDep ROOT p-limit@2.3.0 OK for: p-locate@4.1.0 want: ^2.2.0
1797 silly fetch manifest p-try@^2.0.0
1798 silly packumentCache full:https://registry.npmjs.org/p-try cache-miss
1799 http fetch GET 200 https://registry.npmjs.org/p-try 19ms (cache miss)
1800 silly packumentCache full:https://registry.npmjs.org/p-try set size:undefined disposed:false
1801 silly placeDep ROOT p-try@2.2.0 OK for: p-limit@2.3.0 want: ^2.0.0
1802 silly placeDep ROOT emoji-regex@8.0.0 OK for: string-width@4.2.3 want: ^8.0.0
1803 silly placeDep ROOT is-fullwidth-code-point@3.0.0 OK for: string-width@4.2.3 want: ^3.0.0
1804 silly placeDep ROOT ansi-regex@5.0.1 OK for: strip-ansi@6.0.1 want: ^5.0.1
1805 silly placeDep ROOT ansi-styles@4.3.0 OK for: wrap-ansi@6.2.0 want: ^4.0.0
1806 silly fetch manifest color-convert@^2.0.1
1807 silly packumentCache full:https://registry.npmjs.org/color-convert cache-miss
1808 http fetch GET 200 https://registry.npmjs.org/color-convert 257ms (cache miss)
1809 silly packumentCache full:https://registry.npmjs.org/color-convert set size:undefined disposed:false
1810 silly placeDep ROOT color-convert@2.0.1 OK for: ansi-styles@4.3.0 want: ^2.0.1
1811 silly fetch manifest color-name@~1.1.4
1812 silly packumentCache full:https://registry.npmjs.org/color-name cache-miss
1813 http fetch GET 200 https://registry.npmjs.org/color-name 721ms (cache miss)
1814 silly packumentCache full:https://registry.npmjs.org/color-name set size:undefined disposed:false
1815 silly placeDep ROOT color-name@1.1.4 OK for: color-convert@2.0.1 want: ~1.1.4
1816 silly placeDep ROOT camelcase@5.3.1 OK for: yargs-parser@18.1.3 want: ^5.0.0
1817 silly placeDep node_modules/body-parser ms@2.0.0 OK for: debug@2.6.9 want: 2.0.0
1818 silly placeDep node_modules/express ms@2.0.0 OK for: debug@2.6.9 want: 2.0.0
1819 silly placeDep node_modules/finalhandler ms@2.0.0 OK for: debug@2.6.9 want: 2.0.0
1820 silly placeDep node_modules/mongoose gaxios@5.1.3 OK for: gcp-metadata@5.3.0 want: ^5.0.0
1821 silly fetch manifest is-stream@^2.0.0
1822 silly packumentCache full:https://registry.npmjs.org/is-stream cache-miss
1823 silly fetch manifest node-fetch@^2.6.9
1824 silly packumentCache full:https://registry.npmjs.org/node-fetch cache-miss
1825 silly fetch manifest https-proxy-agent@^5.0.0
1826 silly packumentCache full:https://registry.npmjs.org/https-proxy-agent cache-miss
1827 http fetch GET 200 https://registry.npmjs.org/https-proxy-agent 3ms (cache hit)
1828 silly packumentCache full:https://registry.npmjs.org/https-proxy-agent set size:81258 disposed:false
1829 http fetch GET 200 https://registry.npmjs.org/node-fetch 4ms (cache hit)
1830 silly packumentCache full:https://registry.npmjs.org/node-fetch set size:896010 disposed:false
1831 http fetch GET 200 https://registry.npmjs.org/is-stream 21ms (cache miss)
1832 silly packumentCache full:https://registry.npmjs.org/is-stream set size:undefined disposed:false
1833 silly fetch manifest encoding@^0.1.0
1834 silly packumentCache full:https://registry.npmjs.org/encoding cache-miss
1835 http fetch GET 200 https://registry.npmjs.org/encoding 33ms (cache miss)
1836 silly packumentCache full:https://registry.npmjs.org/encoding set size:undefined disposed:false
1837 silly placeDep node_modules/mongoose https-proxy-agent@5.0.1 OK for: gaxios@5.1.3 want: ^5.0.0
1838 silly placeDep ROOT is-stream@2.0.1 OK for: gaxios@5.1.3 want: ^2.0.0
1839 silly placeDep node_modules/mongoose node-fetch@2.7.0 OK for: gaxios@5.1.3 want: ^2.6.9
1840 silly fetch manifest agent-base@6
1841 silly packumentCache full:https://registry.npmjs.org/agent-base cache-miss
1842 silly fetch manifest whatwg-url@^5.0.0
1843 silly packumentCache full:https://registry.npmjs.org/whatwg-url cache-miss
1844 http fetch GET 200 https://registry.npmjs.org/agent-base 2ms (cache hit)
1845 silly packumentCache full:https://registry.npmjs.org/agent-base set size:72085 disposed:false
1846 http fetch GET 200 https://registry.npmjs.org/whatwg-url 290ms (cache miss)
1847 silly packumentCache full:https://registry.npmjs.org/whatwg-url set size:undefined disposed:false
1848 silly placeDep node_modules/mongoose agent-base@6.0.2 OK for: https-proxy-agent@5.0.1 want: 6
1849 silly placeDep ROOT @mongodb-js/saslprep@1.4.9 OK for: mongodb@6.20.0 want: ^1.3.0
1850 silly placeDep ROOT mongodb-connection-string-url@3.0.2 OK for: mongodb@6.20.0 want: ^3.0.2
1851 silly fetch manifest sparse-bitfield@^3.0.3
1852 silly packumentCache full:https://registry.npmjs.org/sparse-bitfield cache-miss
1853 silly fetch manifest whatwg-url@^14.1.0 || ^13.0.0
1854 silly packumentCache full:https://registry.npmjs.org/whatwg-url cache-miss
1855 silly fetch manifest @types/whatwg-url@^11.0.2
1856 silly packumentCache full:https://registry.npmjs.org/@types%2fwhatwg-url cache-miss
1857 http fetch GET 200 https://registry.npmjs.org/whatwg-url 7ms (cache hit)
1858 silly packumentCache full:https://registry.npmjs.org/whatwg-url set size:170765 disposed:false
1859 http fetch GET 200 https://registry.npmjs.org/sparse-bitfield 274ms (cache miss)
1860 silly packumentCache full:https://registry.npmjs.org/sparse-bitfield set size:undefined disposed:false
1861 http fetch GET 200 https://registry.npmjs.org/@types%2fwhatwg-url 959ms (cache miss)
1862 silly packumentCache full:https://registry.npmjs.org/@types%2fwhatwg-url set size:undefined disposed:false
1863 silly placeDep ROOT sparse-bitfield@3.0.3 OK for: @mongodb-js/saslprep@1.4.9 want: ^3.0.3
1864 silly fetch manifest memory-pager@^1.0.2
1865 silly packumentCache full:https://registry.npmjs.org/memory-pager cache-miss
1866 http fetch GET 200 https://registry.npmjs.org/memory-pager 260ms (cache miss)
1867 silly packumentCache full:https://registry.npmjs.org/memory-pager set size:undefined disposed:false
1868 silly placeDep ROOT @types/whatwg-url@11.0.5 OK for: mongodb-connection-string-url@3.0.2 want: ^11.0.2
1869 silly placeDep ROOT whatwg-url@14.2.0 OK for: mongodb-connection-string-url@3.0.2 want: ^14.1.0 || ^13.0.0
1870 silly fetch manifest @types/webidl-conversions@*
1871 silly packumentCache full:https://registry.npmjs.org/@types%2fwebidl-conversions cache-miss
1872 silly fetch manifest tr46@^5.1.0
1873 silly packumentCache full:https://registry.npmjs.org/tr46 cache-miss
1874 silly fetch manifest webidl-conversions@^7.0.0
1875 silly packumentCache full:https://registry.npmjs.org/webidl-conversions cache-miss
1876 http fetch GET 200 https://registry.npmjs.org/tr46 34ms (cache miss)
1877 silly packumentCache full:https://registry.npmjs.org/tr46 set size:undefined disposed:false
1878 http fetch GET 200 https://registry.npmjs.org/webidl-conversions 34ms (cache miss)
1879 silly packumentCache full:https://registry.npmjs.org/webidl-conversions set size:undefined disposed:false
1880 http fetch GET 200 https://registry.npmjs.org/@types%2fwebidl-conversions 498ms (cache miss)
1881 silly packumentCache full:https://registry.npmjs.org/@types%2fwebidl-conversions set size:undefined disposed:false
1882 silly placeDep ROOT @types/webidl-conversions@7.0.3 OK for: @types/whatwg-url@11.0.5 want: *
1883 silly placeDep ROOT memory-pager@1.5.0 OK for: sparse-bitfield@3.0.3 want: ^1.0.2
1884 silly placeDep ROOT tr46@5.1.1 OK for: whatwg-url@14.2.0 want: ^5.1.0
1885 silly placeDep ROOT webidl-conversions@7.0.0 OK for: whatwg-url@14.2.0 want: ^7.0.0
1886 silly fetch manifest punycode@^2.3.1
1887 silly packumentCache full:https://registry.npmjs.org/punycode cache-miss
1888 http fetch GET 200 https://registry.npmjs.org/punycode 27ms (cache miss)
1889 silly packumentCache full:https://registry.npmjs.org/punycode set size:undefined disposed:false
1890 silly placeDep ROOT punycode@2.3.1 OK for: tr46@5.1.1 want: ^2.3.1
1891 silly placeDep node_modules/mongoose whatwg-url@5.0.0 OK for: node-fetch@2.7.0 want: ^5.0.0
1892 silly fetch manifest tr46@~0.0.3
1893 silly packumentCache full:https://registry.npmjs.org/tr46 cache-miss
1894 silly fetch manifest webidl-conversions@^3.0.0
1895 silly packumentCache full:https://registry.npmjs.org/webidl-conversions cache-miss
1896 http fetch GET 200 https://registry.npmjs.org/webidl-conversions 1ms (cache hit)
1897 silly packumentCache full:https://registry.npmjs.org/webidl-conversions set size:46073 disposed:false
1898 http fetch GET 200 https://registry.npmjs.org/tr46 3ms (cache hit)
1899 silly packumentCache full:https://registry.npmjs.org/tr46 set size:47377 disposed:false
1900 silly placeDep node_modules/mongoose tr46@0.0.3 OK for: whatwg-url@5.0.0 want: ~0.0.3
1901 silly placeDep node_modules/mongoose webidl-conversions@3.0.1 OK for: whatwg-url@5.0.0 want: ^3.0.0
1902 silly placeDep node_modules/send/node_modules/debug ms@2.0.0 OK for: debug@2.6.9 want: 2.0.0
1903 silly reify moves {}
1904 silly audit bulk request {
1904 silly audit   'quizizz-api': [ '1.0.0' ],
1904 silly audit   'web-admin': [ '1.0.0' ],
1904 silly audit   'web-player': [ '1.0.0' ],
1904 silly audit   'ai-orchestrator': [ '1.0.0' ],
1904 silly audit   axios: [ '1.15.2' ],
1904 silly audit   cors: [ '2.8.6' ],
1904 silly audit   dotenv: [ '16.6.1' ],
1904 silly audit   express: [ '4.22.1' ],
1904 silly audit   mammoth: [ '1.12.0' ],
1904 silly audit   mongoose: [ '8.23.1' ],
1904 silly audit   multer: [ '1.4.5-lts.2' ],
1904 silly audit   'pdf-parse': [ '1.1.4' ],
1904 silly audit   qrcode: [ '1.5.4' ],
1904 silly audit   'socket.io': [ '4.8.3' ],
1904 silly audit   '@vitejs/plugin-react': [ '4.7.0' ],
1904 silly audit   vite: [ '5.4.21' ],
1904 silly audit   react: [ '18.3.1' ],
1904 silly audit   'react-dom': [ '18.3.1' ],
1904 silly audit   'react-router-dom': [ '6.30.3' ],
1904 silly audit   'socket.io-client': [ '4.8.3' ],
1904 silly audit   '@google/genai': [ '1.50.1' ],
1904 silly audit   'google-auth-library': [ '10.6.2' ],
1904 silly audit   'p-retry': [ '4.6.2' ],
1904 silly audit   protobufjs: [ '7.5.5' ],
1904 silly audit   ws: [ '8.20.0', '8.18.3' ],
1904 silly audit   '@babel/core': [ '7.29.0' ],
1904 silly audit   '@babel/plugin-transform-react-jsx-self': [ '7.27.1' ],
1904 silly audit   '@babel/plugin-transform-react-jsx-source': [ '7.27.1' ],
1904 silly audit   '@rolldown/pluginutils': [ '1.0.0-beta.27' ],
1904 silly audit   '@types/babel__core': [ '7.20.5' ],
1904 silly audit   'react-refresh': [ '0.17.0' ],
1904 silly audit   '@babel/code-frame': [ '7.29.0' ],
1904 silly audit   '@babel/generator': [ '7.29.1' ],
1904 silly audit   '@babel/helper-compilation-targets': [ '7.28.6' ],
1904 silly audit   '@babel/helper-module-transforms': [ '7.28.6' ],
1904 silly audit   '@babel/helpers': [ '7.29.2' ],
1904 silly audit   '@babel/parser': [ '7.29.2' ],
1904 silly audit   '@babel/template': [ '7.28.6' ],
1904 silly audit   '@babel/traverse': [ '7.29.0' ],
1904 silly audit   '@babel/types': [ '7.29.0' ],
1904 silly audit   '@jridgewell/remapping': [ '2.3.5' ],
1904 silly audit   'convert-source-map': [ '2.0.0' ],
1904 silly audit   debug: [ '4.4.3', '2.6.9' ],
1904 silly audit   gensync: [ '1.0.0-beta.2' ],
1904 silly audit   json5: [ '2.2.3' ],
1904 silly audit   semver: [ '6.3.1' ],
1904 silly audit   '@babel/helper-validator-identifier': [ '7.28.5' ],
1904 silly audit   'js-tokens': [ '4.0.0' ],
1904 silly audit   picocolors: [ '1.1.1' ],
1904 silly audit   '@jridgewell/gen-mapping': [ '0.3.13' ],
1904 silly audit   '@jridgewell/trace-mapping': [ '0.3.31' ],
1904 silly audit   jsesc: [ '3.1.0' ],
1904 silly audit   '@babel/compat-data': [ '7.29.0' ],
1904 silly audit   '@babel/helper-validator-option': [ '7.27.1' ],
1904 silly audit   browserslist: [ '4.28.2' ],
1904 silly audit   'lru-cache': [ '5.1.1' ],
1904 silly audit   '@babel/helper-module-imports': [ '7.28.6' ],
1904 silly audit   '@babel/helper-plugin-utils': [ '7.28.6' ],
1904 silly audit   '@babel/helper-globals': [ '7.28.0' ],
1904 silly audit   '@babel/helper-string-parser': [ '7.27.1' ],
1904 silly audit   '@jridgewell/sourcemap-codec': [ '1.5.5' ],
1904 silly audit   '@jridgewell/resolve-uri': [ '3.1.2' ],
1904 silly audit   '@types/babel__generator': [ '7.27.0' ],
1904 silly audit   '@types/babel__template': [ '7.4.4' ],
1904 silly audit   '@types/babel__traverse': [ '7.28.0' ],
1904 silly audit   'follow-redirects': [ '1.16.0' ],
1904 silly audit   'form-data': [ '4.0.5' ],
1904 silly audit   'proxy-from-env': [ '2.1.0' ],
1904 silly audit   'baseline-browser-mapping': [ '2.10.21' ],
1904 silly audit   'caniuse-lite': [ '1.0.30001790' ],
1904 silly audit   'electron-to-chromium': [ '1.5.344' ],
1904 silly audit   'node-releases': [ '2.0.38' ],
1904 silly audit   'update-browserslist-db': [ '1.2.3' ],
1904 silly audit   'object-assign': [ '4.1.1' ],
1904 silly audit   vary: [ '1.1.2' ],
1904 silly audit   ms: [ '2.1.3', '2.0.0' ],
1904 silly audit   accepts: [ '1.3.8' ],
1904 silly audit   'array-flatten': [ '1.1.1' ],
1904 silly audit   'body-parser': [ '1.20.4' ],
1904 silly audit   'content-disposition': [ '0.5.4' ],
1904 silly audit   'content-type': [ '1.0.5' ],
1904 silly audit   cookie: [ '0.7.2' ],
1904 silly audit   'cookie-signature': [ '1.0.7' ],
1904 silly audit   depd: [ '2.0.0' ],
1904 silly audit   encodeurl: [ '2.0.0' ],
1904 silly audit   'escape-html': [ '1.0.3' ],
1904 silly audit   etag: [ '1.8.1' ],
1904 silly audit   finalhandler: [ '1.3.2' ],
1904 silly audit   fresh: [ '0.5.2' ],
1904 silly audit   'http-errors': [ '2.0.1' ],
1904 silly audit   'merge-descriptors': [ '1.0.3' ],
1904 silly audit   methods: [ '1.1.2' ],
1904 silly audit   'on-finished': [ '2.4.1' ],
1904 silly audit   parseurl: [ '1.3.3' ],
1904 silly audit   'path-to-regexp': [ '0.1.13' ],
1904 silly audit   'proxy-addr': [ '2.0.7' ],
1904 silly audit   qs: [ '6.14.2' ],
1904 silly audit   'range-parser': [ '1.2.1' ],
1904 silly audit   'safe-buffer': [ '5.2.1', '5.1.2' ],
1904 silly audit   send: [ '0.19.2' ],
1904 silly audit   'serve-static': [ '1.16.3' ],
1904 silly audit   setprototypeof: [ '1.2.0' ],
1904 silly audit   statuses: [ '2.0.2' ],
1904 silly audit   'type-is': [ '1.6.18' ],
1904 silly audit   'utils-merge': [ '1.0.1' ],
1904 silly audit   'mime-types': [ '2.1.35' ],
1904 silly audit   negotiator: [ '0.6.3' ],
1904 silly audit   bytes: [ '3.1.2' ],
1904 silly audit   destroy: [ '1.2.0' ],
1904 silly audit   'iconv-lite': [ '0.4.24' ],
1904 silly audit   'raw-body': [ '2.5.3' ],
1904 silly audit   unpipe: [ '1.0.0' ],
1904 silly audit   asynckit: [ '0.4.0' ],
1904 silly audit   'combined-stream': [ '1.0.8' ],
1904 silly audit   'es-set-tostringtag': [ '2.1.0' ],
1904 silly audit   hasown: [ '2.0.3' ],
1904 silly audit   'delayed-stream': [ '1.0.0' ],
1904 silly audit   'es-errors': [ '1.3.0' ],
1904 silly audit   'get-intrinsic': [ '1.3.0' ],
1904 silly audit   'has-tostringtag': [ '1.0.2' ],
1904 silly audit   'call-bind-apply-helpers': [ '1.0.2' ],
1904 silly audit   'es-define-property': [ '1.0.1' ],
1904 silly audit   'es-object-atoms': [ '1.1.1' ],
1904 silly audit   'function-bind': [ '1.1.2' ],
1904 silly audit   'get-proto': [ '1.0.1' ],
1904 silly audit   gopd: [ '1.2.0' ],
1904 silly audit   'has-symbols': [ '1.1.0' ],
1904 silly audit   'math-intrinsics': [ '1.1.0' ],
1904 silly audit   'dunder-proto': [ '1.0.1' ],
1904 silly audit   'base64-js': [ '1.5.1' ],
1904 silly audit   'ecdsa-sig-formatter': [ '1.0.11' ],
1904 silly audit   gaxios: [ '7.1.4', '5.1.3' ],
1904 silly audit   'gcp-metadata': [ '8.1.2', '5.3.0' ],
1904 silly audit   'google-logging-utils': [ '1.1.3' ],
1904 silly audit   jws: [ '4.0.1' ],
1904 silly audit   extend: [ '3.0.2' ],
1904 silly audit   'https-proxy-agent': [ '7.0.6', '5.0.1' ],
1904 silly audit   'node-fetch': [ '3.3.2', '2.7.0' ],
1904 silly audit   'json-bigint': [ '1.0.0' ],
1904 silly audit   inherits: [ '2.0.4' ],
1904 silly audit   toidentifier: [ '1.0.1' ],
1904 silly audit   'agent-base': [ '7.1.4', '6.0.2' ],
1904 silly audit   'safer-buffer': [ '2.1.2' ],
1904 silly audit   'bignumber.js': [ '9.3.1' ],
1904 silly audit   jwa: [ '2.0.1' ],
1904 silly audit   'buffer-equal-constant-time': [ '1.0.1' ],
1904 silly audit   yallist: [ '3.1.1' ],
1904 silly audit   '@xmldom/xmldom': [ '0.8.13' ],
1904 silly audit   argparse: [ '1.0.10' ],
1904 silly audit   bluebird: [ '3.4.7' ],
1904 silly audit   'dingbat-to-unicode': [ '1.0.1' ],
1904 silly audit   jszip: [ '3.10.1' ],
1904 silly audit   lop: [ '0.4.2' ],
1904 silly audit   'path-is-absolute': [ '1.0.1' ],
1904 silly audit   underscore: [ '1.13.8' ],
1904 silly audit   xmlbuilder: [ '10.1.1' ],
1904 silly audit   'sprintf-js': [ '1.0.3' ],
1904 silly audit   lie: [ '3.3.0' ],
1904 silly audit   pako: [ '1.0.11' ],
1904 silly audit   'readable-stream': [ '2.3.8' ],
1904 silly audit   setimmediate: [ '1.0.5' ],
1904 silly audit   immediate: [ '3.0.6' ],
1904 silly audit   duck: [ '0.1.12' ],
1904 silly audit   option: [ '0.2.4' ],
1904 silly audit   'mime-db': [ '1.52.0' ],
1904 silly audit   bson: [ '6.10.4' ],
1904 silly audit   kareem: [ '2.6.3' ],
1904 silly audit   mongodb: [ '6.20.0' ],
1904 silly audit   mpath: [ '0.9.0' ],
1904 silly audit   mquery: [ '5.0.0' ],
1904 silly audit   sift: [ '17.1.3' ],
1904 silly audit   'append-field': [ '1.0.0' ],
1904 silly audit   busboy: [ '1.6.0' ],
1904 silly audit   'concat-stream': [ '1.6.2' ],
1904 silly audit   mkdirp: [ '0.5.6' ],
1904 silly audit   xtend: [ '4.0.2' ],
1904 silly audit   streamsearch: [ '1.1.0' ],
1904 silly audit   'buffer-from': [ '1.1.2' ],
1904 silly audit   typedarray: [ '0.0.6' ],
1904 silly audit   minimist: [ '1.2.8' ],
1904 silly audit   'data-uri-to-buffer': [ '4.0.1' ],
1904 silly audit   'fetch-blob': [ '3.2.0' ],
1904 silly audit   'formdata-polyfill': [ '4.0.10' ],
1904 silly audit   'node-domexception': [ '1.0.0' ],
1904 silly audit   'web-streams-polyfill': [ '3.3.3' ],
1904 silly audit   'ee-first': [ '1.1.1' ],
1904 silly audit   '@types/retry': [ '0.12.0' ],
1904 silly audit   retry: [ '0.13.1' ],
1904 silly audit   'node-ensure': [ '0.0.0' ],
1904 silly audit   '@protobufjs/aspromise': [ '1.1.2' ],
1904 silly audit   '@protobufjs/base64': [ '1.1.2' ],
1904 silly audit   '@protobufjs/codegen': [ '2.0.4' ],
1904 silly audit   '@protobufjs/eventemitter': [ '1.1.0' ],
1904 silly audit   '@protobufjs/fetch': [ '1.1.0' ],
1904 silly audit   '@protobufjs/float': [ '1.0.2' ],
1904 silly audit   '@protobufjs/inquire': [ '1.1.0' ],
1904 silly audit   '@protobufjs/path': [ '1.1.2' ],
1904 silly audit   '@protobufjs/pool': [ '1.1.0' ],
1904 silly audit   '@protobufjs/utf8': [ '1.1.0' ],
1904 silly audit   '@types/node': [ '25.6.0' ],
1904 silly audit   long: [ '5.3.2' ],
1904 silly audit   'undici-types': [ '7.19.2' ],
1904 silly audit   forwarded: [ '0.2.0' ],
1904 silly audit   'ipaddr.js': [ '1.9.1' ],
1904 silly audit   dijkstrajs: [ '1.0.3' ],
1904 silly audit   pngjs: [ '5.0.0' ],
1904 silly audit   yargs: [ '15.4.1' ],
1904 silly audit   'side-channel': [ '1.1.0' ],
1904 silly audit   'loose-envify': [ '1.4.0' ],
1904 silly audit   scheduler: [ '0.23.2' ],
1904 silly audit   '@remix-run/router': [ '1.23.2' ],
1904 silly audit   'react-router': [ '6.30.3' ],
1904 silly audit   'core-util-is': [ '1.0.3' ],
1904 silly audit   isarray: [ '1.0.0' ],
1904 silly audit   'process-nextick-args': [ '2.0.1' ],
1904 silly audit   string_decoder: [ '1.1.1' ],
1904 silly audit   'util-deprecate': [ '1.0.2' ],
1904 silly audit   mime: [ '1.6.0' ],
1904 silly audit   'object-inspect': [ '1.13.4' ],
1904 silly audit   'side-channel-list': [ '1.0.1' ],
1904 silly audit   'side-channel-map': [ '1.0.1' ],
1904 silly audit   'side-channel-weakmap': [ '1.0.2' ],
1904 silly audit   'call-bound': [ '1.0.4' ],
1904 silly audit   base64id: [ '2.0.0' ],
1904 silly audit   'engine.io': [ '6.6.6' ],
1904 silly audit   'socket.io-adapter': [ '2.5.6' ],
1904 silly audit   'socket.io-parser': [ '4.2.6' ],
1904 silly audit   '@types/cors': [ '2.8.19' ],
1904 silly audit   '@types/ws': [ '8.18.1' ],
1904 silly audit   'engine.io-parser': [ '5.2.3' ],
1904 silly audit   '@socket.io/component-emitter': [ '3.1.2' ],
1904 silly audit   'engine.io-client': [ '6.6.4' ],
1904 silly audit   'xmlhttprequest-ssl': [ '2.1.2' ],
1904 silly audit   'media-typer': [ '0.3.0' ],
1904 silly audit   escalade: [ '3.2.0' ],
1904 silly audit   esbuild: [ '0.21.5' ],
1904 silly audit   fsevents: [ '2.3.3' ],
1904 silly audit   postcss: [ '8.5.10' ],
1904 silly audit   rollup: [ '4.60.2' ],
1904 silly audit   '@esbuild/aix-ppc64': [ '0.21.5' ],
1904 silly audit   '@esbuild/android-arm': [ '0.21.5' ],
1904 silly audit   '@esbuild/android-arm64': [ '0.21.5' ],
1904 silly audit   '@esbuild/android-x64': [ '0.21.5' ],
1904 silly audit   '@esbuild/darwin-arm64': [ '0.21.5' ],
1904 silly audit   '@esbuild/darwin-x64': [ '0.21.5' ],
1904 silly audit   '@esbuild/freebsd-arm64': [ '0.21.5' ],
1904 silly audit   '@esbuild/freebsd-x64': [ '0.21.5' ],
1904 silly audit   '@esbuild/linux-arm': [ '0.21.5' ],
1904 silly audit   '@esbuild/linux-arm64': [ '0.21.5' ],
1904 silly audit   '@esbuild/linux-ia32': [ '0.21.5' ],
1904 silly audit   '@esbuild/linux-loong64': [ '0.21.5' ],
1904 silly audit   '@esbuild/linux-mips64el': [ '0.21.5' ],
1904 silly audit   '@esbuild/linux-ppc64': [ '0.21.5' ],
1904 silly audit   '@esbuild/linux-riscv64': [ '0.21.5' ],
1904 silly audit   '@esbuild/linux-s390x': [ '0.21.5' ],
1904 silly audit   '@esbuild/linux-x64': [ '0.21.5' ],
1904 silly audit   '@esbuild/netbsd-x64': [ '0.21.5' ],
1904 silly audit   '@esbuild/openbsd-x64': [ '0.21.5' ],
1904 silly audit   '@esbuild/sunos-x64': [ '0.21.5' ],
1904 silly audit   '@esbuild/win32-arm64': [ '0.21.5' ],
1904 silly audit   '@esbuild/win32-ia32': [ '0.21.5' ],
1904 silly audit   '@esbuild/win32-x64': [ '0.21.5' ],
1904 silly audit   nanoid: [ '3.3.11' ],
1904 silly audit   'source-map-js': [ '1.2.1' ],
1904 silly audit   '@rollup/rollup-android-arm-eabi': [ '4.60.2' ],
1904 silly audit   '@rollup/rollup-android-arm64': [ '4.60.2' ],
1904 silly audit   '@rollup/rollup-darwin-arm64': [ '4.60.2' ],
1904 silly audit   '@rollup/rollup-darwin-x64': [ '4.60.2' ],
1904 silly audit   '@rollup/rollup-freebsd-arm64': [ '4.60.2' ],
1904 silly audit   '@rollup/rollup-freebsd-x64': [ '4.60.2' ],
1904 silly audit   '@rollup/rollup-linux-arm-gnueabihf': [ '4.60.2' ],
1904 silly audit   '@rollup/rollup-linux-arm-musleabihf': [ '4.60.2' ],
1904 silly audit   '@rollup/rollup-linux-arm64-gnu': [ '4.60.2' ],
1904 silly audit   '@rollup/rollup-linux-arm64-musl': [ '4.60.2' ],
1904 silly audit   '@rollup/rollup-linux-loong64-gnu': [ '4.60.2' ],
1904 silly audit   '@rollup/rollup-linux-loong64-musl': [ '4.60.2' ],
1904 silly audit   '@rollup/rollup-linux-ppc64-gnu': [ '4.60.2' ],
1904 silly audit   '@rollup/rollup-linux-ppc64-musl': [ '4.60.2' ],
1904 silly audit   '@rollup/rollup-linux-riscv64-gnu': [ '4.60.2' ],
1904 silly audit   '@rollup/rollup-linux-riscv64-musl': [ '4.60.2' ],
1904 silly audit   '@rollup/rollup-linux-s390x-gnu': [ '4.60.2' ],
1904 silly audit   '@rollup/rollup-linux-x64-gnu': [ '4.60.2' ],
1904 silly audit   '@rollup/rollup-linux-x64-musl': [ '4.60.2' ],
1904 silly audit   '@rollup/rollup-openbsd-x64': [ '4.60.2' ],
1904 silly audit   '@rollup/rollup-openharmony-arm64': [ '4.60.2' ],
1904 silly audit   '@rollup/rollup-win32-arm64-msvc': [ '4.60.2' ],
1904 silly audit   '@rollup/rollup-win32-ia32-msvc': [ '4.60.2' ],
1904 silly audit   '@rollup/rollup-win32-x64-gnu': [ '4.60.2' ],
1904 silly audit   '@rollup/rollup-win32-x64-msvc': [ '4.60.2' ],
1904 silly audit   '@types/estree': [ '1.0.8' ],
1904 silly audit   cliui: [ '6.0.0' ],
1904 silly audit   decamelize: [ '1.2.0' ],
1904 silly audit   'find-up': [ '4.1.0' ],
1904 silly audit   'get-caller-file': [ '2.0.5' ],
1904 silly audit   'require-directory': [ '2.1.1' ],
1904 silly audit   'require-main-filename': [ '2.0.0' ],
1904 silly audit   'set-blocking': [ '2.0.0' ],
1904 silly audit   'string-width': [ '4.2.3' ],
1904 silly audit   'which-module': [ '2.0.1' ],
1904 silly audit   y18n: [ '4.0.3' ],
1904 silly audit   'yargs-parser': [ '18.1.3' ],
1904 silly audit   'strip-ansi': [ '6.0.1' ],
1904 silly audit   'wrap-ansi': [ '6.2.0' ],
1904 silly audit   'locate-path': [ '5.0.0' ],
1904 silly audit   'path-exists': [ '4.0.0' ],
1904 silly audit   'p-locate': [ '4.1.0' ],
1904 silly audit   'p-limit': [ '2.3.0' ],
1904 silly audit   'p-try': [ '2.2.0' ],
1904 silly audit   'emoji-regex': [ '8.0.0' ],
1904 silly audit   'is-fullwidth-code-point': [ '3.0.0' ],
1904 silly audit   'ansi-regex': [ '5.0.1' ],
1904 silly audit   'ansi-styles': [ '4.3.0' ],
1904 silly audit   'color-convert': [ '2.0.1' ],
1904 silly audit   'color-name': [ '1.1.4' ],
1904 silly audit   camelcase: [ '5.3.1' ],
1904 silly audit   'is-stream': [ '2.0.1' ],
1904 silly audit   '@mongodb-js/saslprep': [ '1.4.9' ],
1904 silly audit   'mongodb-connection-string-url': [ '3.0.2' ],
1904 silly audit   'sparse-bitfield': [ '3.0.3' ],
1904 silly audit   '@types/whatwg-url': [ '11.0.5' ],
1904 silly audit   'whatwg-url': [ '14.2.0', '5.0.0' ],
1904 silly audit   '@types/webidl-conversions': [ '7.0.3' ],
1904 silly audit   'memory-pager': [ '1.5.0' ],
1904 silly audit   tr46: [ '5.1.1', '0.0.3' ],
1904 silly audit   'webidl-conversions': [ '7.0.0', '3.0.1' ],
1904 silly audit   punycode: [ '2.3.1' ]
1904 silly audit }
1905 verbose reify failed optional dependency /Users/satyamsingh/Desktop/untitled folder/Quizizz/node_modules/@rollup/rollup-win32-x64-msvc
1906 silly reify mark deleted [
1906 silly reify   '/Users/satyamsingh/Desktop/untitled folder/Quizizz/node_modules/@rollup/rollup-win32-x64-msvc'
1906 silly reify ]
1907 verbose reify failed optional dependency /Users/satyamsingh/Desktop/untitled folder/Quizizz/node_modules/@rollup/rollup-win32-x64-gnu
1908 silly reify mark deleted [
1908 silly reify   '/Users/satyamsingh/Desktop/untitled folder/Quizizz/node_modules/@rollup/rollup-win32-x64-gnu'
1908 silly reify ]
1909 verbose reify failed optional dependency /Users/satyamsingh/Desktop/untitled folder/Quizizz/node_modules/@rollup/rollup-win32-ia32-msvc
1910 silly reify mark deleted [
1910 silly reify   '/Users/satyamsingh/Desktop/untitled folder/Quizizz/node_modules/@rollup/rollup-win32-ia32-msvc'
1910 silly reify ]
1911 verbose reify failed optional dependency /Users/satyamsingh/Desktop/untitled folder/Quizizz/node_modules/@rollup/rollup-win32-arm64-msvc
1912 silly reify mark deleted [
1912 silly reify   '/Users/satyamsingh/Desktop/untitled folder/Quizizz/node_modules/@rollup/rollup-win32-arm64-msvc'
1912 silly reify ]
1913 verbose reify failed optional dependency /Users/satyamsingh/Desktop/untitled folder/Quizizz/node_modules/@rollup/rollup-openharmony-arm64
1914 silly reify mark deleted [
1914 silly reify   '/Users/satyamsingh/Desktop/untitled folder/Quizizz/node_modules/@rollup/rollup-openharmony-arm64'
1914 silly reify ]
1915 verbose reify failed optional dependency /Users/satyamsingh/Desktop/untitled folder/Quizizz/node_modules/@rollup/rollup-openbsd-x64
1916 silly reify mark deleted [
1916 silly reify   '/Users/satyamsingh/Desktop/untitled folder/Quizizz/node_modules/@rollup/rollup-openbsd-x64'
1916 silly reify ]
1917 verbose reify failed optional dependency /Users/satyamsingh/Desktop/untitled folder/Quizizz/node_modules/@rollup/rollup-linux-x64-musl
1918 silly reify mark deleted [
1918 silly reify   '/Users/satyamsingh/Desktop/untitled folder/Quizizz/node_modules/@rollup/rollup-linux-x64-musl'
1918 silly reify ]
1919 verbose reify failed optional dependency /Users/satyamsingh/Desktop/untitled folder/Quizizz/node_modules/@rollup/rollup-linux-x64-gnu
1920 silly reify mark deleted [
1920 silly reify   '/Users/satyamsingh/Desktop/untitled folder/Quizizz/node_modules/@rollup/rollup-linux-x64-gnu'
1920 silly reify ]
1921 verbose reify failed optional dependency /Users/satyamsingh/Desktop/untitled folder/Quizizz/node_modules/@rollup/rollup-linux-s390x-gnu
1922 silly reify mark deleted [
1922 silly reify   '/Users/satyamsingh/Desktop/untitled folder/Quizizz/node_modules/@rollup/rollup-linux-s390x-gnu'
1922 silly reify ]
1923 verbose reify failed optional dependency /Users/satyamsingh/Desktop/untitled folder/Quizizz/node_modules/@rollup/rollup-linux-riscv64-musl
1924 silly reify mark deleted [
1924 silly reify   '/Users/satyamsingh/Desktop/untitled folder/Quizizz/node_modules/@rollup/rollup-linux-riscv64-musl'
1924 silly reify ]
1925 verbose reify failed optional dependency /Users/satyamsingh/Desktop/untitled folder/Quizizz/node_modules/@rollup/rollup-linux-riscv64-gnu
1926 silly reify mark deleted [
1926 silly reify   '/Users/satyamsingh/Desktop/untitled folder/Quizizz/node_modules/@rollup/rollup-linux-riscv64-gnu'
1926 silly reify ]
1927 verbose reify failed optional dependency /Users/satyamsingh/Desktop/untitled folder/Quizizz/node_modules/@rollup/rollup-linux-ppc64-musl
1928 silly reify mark deleted [
1928 silly reify   '/Users/satyamsingh/Desktop/untitled folder/Quizizz/node_modules/@rollup/rollup-linux-ppc64-musl'
1928 silly reify ]
1929 verbose reify failed optional dependency /Users/satyamsingh/Desktop/untitled folder/Quizizz/node_modules/@rollup/rollup-linux-ppc64-gnu
1930 silly reify mark deleted [
1930 silly reify   '/Users/satyamsingh/Desktop/untitled folder/Quizizz/node_modules/@rollup/rollup-linux-ppc64-gnu'
1930 silly reify ]
1931 verbose reify failed optional dependency /Users/satyamsingh/Desktop/untitled folder/Quizizz/node_modules/@rollup/rollup-linux-loong64-musl
1932 silly reify mark deleted [
1932 silly reify   '/Users/satyamsingh/Desktop/untitled folder/Quizizz/node_modules/@rollup/rollup-linux-loong64-musl'
1932 silly reify ]
1933 verbose reify failed optional dependency /Users/satyamsingh/Desktop/untitled folder/Quizizz/node_modules/@rollup/rollup-linux-loong64-gnu
1934 silly reify mark deleted [
1934 silly reify   '/Users/satyamsingh/Desktop/untitled folder/Quizizz/node_modules/@rollup/rollup-linux-loong64-gnu'
1934 silly reify ]
1935 verbose reify failed optional dependency /Users/satyamsingh/Desktop/untitled folder/Quizizz/node_modules/@rollup/rollup-linux-arm64-musl
1936 silly reify mark deleted [
1936 silly reify   '/Users/satyamsingh/Desktop/untitled folder/Quizizz/node_modules/@rollup/rollup-linux-arm64-musl'
1936 silly reify ]
1937 verbose reify failed optional dependency /Users/satyamsingh/Desktop/untitled folder/Quizizz/node_modules/@rollup/rollup-linux-arm64-gnu
1938 silly reify mark deleted [
1938 silly reify   '/Users/satyamsingh/Desktop/untitled folder/Quizizz/node_modules/@rollup/rollup-linux-arm64-gnu'
1938 silly reify ]
1939 verbose reify failed optional dependency /Users/satyamsingh/Desktop/untitled folder/Quizizz/node_modules/@rollup/rollup-linux-arm-musleabihf
1940 silly reify mark deleted [
1940 silly reify   '/Users/satyamsingh/Desktop/untitled folder/Quizizz/node_modules/@rollup/rollup-linux-arm-musleabihf'
1940 silly reify ]
1941 verbose reify failed optional dependency /Users/satyamsingh/Desktop/untitled folder/Quizizz/node_modules/@rollup/rollup-linux-arm-gnueabihf
1942 silly reify mark deleted [
1942 silly reify   '/Users/satyamsingh/Desktop/untitled folder/Quizizz/node_modules/@rollup/rollup-linux-arm-gnueabihf'
1942 silly reify ]
1943 verbose reify failed optional dependency /Users/satyamsingh/Desktop/untitled folder/Quizizz/node_modules/@rollup/rollup-freebsd-x64
1944 silly reify mark deleted [
1944 silly reify   '/Users/satyamsingh/Desktop/untitled folder/Quizizz/node_modules/@rollup/rollup-freebsd-x64'
1944 silly reify ]
1945 verbose reify failed optional dependency /Users/satyamsingh/Desktop/untitled folder/Quizizz/node_modules/@rollup/rollup-freebsd-arm64
1946 silly reify mark deleted [
1946 silly reify   '/Users/satyamsingh/Desktop/untitled folder/Quizizz/node_modules/@rollup/rollup-freebsd-arm64'
1946 silly reify ]
1947 verbose reify failed optional dependency /Users/satyamsingh/Desktop/untitled folder/Quizizz/node_modules/@rollup/rollup-darwin-x64
1948 silly reify mark deleted [
1948 silly reify   '/Users/satyamsingh/Desktop/untitled folder/Quizizz/node_modules/@rollup/rollup-darwin-x64'
1948 silly reify ]
1949 verbose reify failed optional dependency /Users/satyamsingh/Desktop/untitled folder/Quizizz/node_modules/@rollup/rollup-android-arm64
1950 silly reify mark deleted [
1950 silly reify   '/Users/satyamsingh/Desktop/untitled folder/Quizizz/node_modules/@rollup/rollup-android-arm64'
1950 silly reify ]
1951 verbose reify failed optional dependency /Users/satyamsingh/Desktop/untitled folder/Quizizz/node_modules/@rollup/rollup-android-arm-eabi
1952 silly reify mark deleted [
1952 silly reify   '/Users/satyamsingh/Desktop/untitled folder/Quizizz/node_modules/@rollup/rollup-android-arm-eabi'
1952 silly reify ]
1953 verbose reify failed optional dependency /Users/satyamsingh/Desktop/untitled folder/Quizizz/node_modules/@esbuild/win32-x64
1954 silly reify mark deleted [
1954 silly reify   '/Users/satyamsingh/Desktop/untitled folder/Quizizz/node_modules/@esbuild/win32-x64'
1954 silly reify ]
1955 verbose reify failed optional dependency /Users/satyamsingh/Desktop/untitled folder/Quizizz/node_modules/@esbuild/win32-ia32
1956 silly reify mark deleted [
1956 silly reify   '/Users/satyamsingh/Desktop/untitled folder/Quizizz/node_modules/@esbuild/win32-ia32'
1956 silly reify ]
1957 verbose reify failed optional dependency /Users/satyamsingh/Desktop/untitled folder/Quizizz/node_modules/@esbuild/win32-arm64
1958 silly reify mark deleted [
1958 silly reify   '/Users/satyamsingh/Desktop/untitled folder/Quizizz/node_modules/@esbuild/win32-arm64'
1958 silly reify ]
1959 verbose reify failed optional dependency /Users/satyamsingh/Desktop/untitled folder/Quizizz/node_modules/@esbuild/sunos-x64
1960 silly reify mark deleted [
1960 silly reify   '/Users/satyamsingh/Desktop/untitled folder/Quizizz/node_modules/@esbuild/sunos-x64'
1960 silly reify ]
1961 verbose reify failed optional dependency /Users/satyamsingh/Desktop/untitled folder/Quizizz/node_modules/@esbuild/openbsd-x64
1962 silly reify mark deleted [
1962 silly reify   '/Users/satyamsingh/Desktop/untitled folder/Quizizz/node_modules/@esbuild/openbsd-x64'
1962 silly reify ]
1963 verbose reify failed optional dependency /Users/satyamsingh/Desktop/untitled folder/Quizizz/node_modules/@esbuild/netbsd-x64
1964 silly reify mark deleted [
1964 silly reify   '/Users/satyamsingh/Desktop/untitled folder/Quizizz/node_modules/@esbuild/netbsd-x64'
1964 silly reify ]
1965 verbose reify failed optional dependency /Users/satyamsingh/Desktop/untitled folder/Quizizz/node_modules/@esbuild/linux-x64
1966 silly reify mark deleted [
1966 silly reify   '/Users/satyamsingh/Desktop/untitled folder/Quizizz/node_modules/@esbuild/linux-x64'
1966 silly reify ]
1967 verbose reify failed optional dependency /Users/satyamsingh/Desktop/untitled folder/Quizizz/node_modules/@esbuild/linux-s390x
1968 silly reify mark deleted [
1968 silly reify   '/Users/satyamsingh/Desktop/untitled folder/Quizizz/node_modules/@esbuild/linux-s390x'
1968 silly reify ]
1969 verbose reify failed optional dependency /Users/satyamsingh/Desktop/untitled folder/Quizizz/node_modules/@esbuild/linux-riscv64
1970 silly reify mark deleted [
1970 silly reify   '/Users/satyamsingh/Desktop/untitled folder/Quizizz/node_modules/@esbuild/linux-riscv64'
1970 silly reify ]
1971 verbose reify failed optional dependency /Users/satyamsingh/Desktop/untitled folder/Quizizz/node_modules/@esbuild/linux-ppc64
1972 silly reify mark deleted [
1972 silly reify   '/Users/satyamsingh/Desktop/untitled folder/Quizizz/node_modules/@esbuild/linux-ppc64'
1972 silly reify ]
1973 verbose reify failed optional dependency /Users/satyamsingh/Desktop/untitled folder/Quizizz/node_modules/@esbuild/linux-mips64el
1974 silly reify mark deleted [
1974 silly reify   '/Users/satyamsingh/Desktop/untitled folder/Quizizz/node_modules/@esbuild/linux-mips64el'
1974 silly reify ]
1975 verbose reify failed optional dependency /Users/satyamsingh/Desktop/untitled folder/Quizizz/node_modules/@esbuild/linux-loong64
1976 silly reify mark deleted [
1976 silly reify   '/Users/satyamsingh/Desktop/untitled folder/Quizizz/node_modules/@esbuild/linux-loong64'
1976 silly reify ]
1977 verbose reify failed optional dependency /Users/satyamsingh/Desktop/untitled folder/Quizizz/node_modules/@esbuild/linux-ia32
1978 silly reify mark deleted [
1978 silly reify   '/Users/satyamsingh/Desktop/untitled folder/Quizizz/node_modules/@esbuild/linux-ia32'
1978 silly reify ]
1979 verbose reify failed optional dependency /Users/satyamsingh/Desktop/untitled folder/Quizizz/node_modules/@esbuild/linux-arm64
1980 silly reify mark deleted [
1980 silly reify   '/Users/satyamsingh/Desktop/untitled folder/Quizizz/node_modules/@esbuild/linux-arm64'
1980 silly reify ]
1981 verbose reify failed optional dependency /Users/satyamsingh/Desktop/untitled folder/Quizizz/node_modules/@esbuild/linux-arm
1982 silly reify mark deleted [
1982 silly reify   '/Users/satyamsingh/Desktop/untitled folder/Quizizz/node_modules/@esbuild/linux-arm'
1982 silly reify ]
1983 verbose reify failed optional dependency /Users/satyamsingh/Desktop/untitled folder/Quizizz/node_modules/@esbuild/freebsd-x64
1984 silly reify mark deleted [
1984 silly reify   '/Users/satyamsingh/Desktop/untitled folder/Quizizz/node_modules/@esbuild/freebsd-x64'
1984 silly reify ]
1985 verbose reify failed optional dependency /Users/satyamsingh/Desktop/untitled folder/Quizizz/node_modules/@esbuild/freebsd-arm64
1986 silly reify mark deleted [
1986 silly reify   '/Users/satyamsingh/Desktop/untitled folder/Quizizz/node_modules/@esbuild/freebsd-arm64'
1986 silly reify ]
1987 verbose reify failed optional dependency /Users/satyamsingh/Desktop/untitled folder/Quizizz/node_modules/@esbuild/darwin-x64
1988 silly reify mark deleted [
1988 silly reify   '/Users/satyamsingh/Desktop/untitled folder/Quizizz/node_modules/@esbuild/darwin-x64'
1988 silly reify ]
1989 verbose reify failed optional dependency /Users/satyamsingh/Desktop/untitled folder/Quizizz/node_modules/@esbuild/android-x64
1990 silly reify mark deleted [
1990 silly reify   '/Users/satyamsingh/Desktop/untitled folder/Quizizz/node_modules/@esbuild/android-x64'
1990 silly reify ]
1991 verbose reify failed optional dependency /Users/satyamsingh/Desktop/untitled folder/Quizizz/node_modules/@esbuild/android-arm64
1992 silly reify mark deleted [
1992 silly reify   '/Users/satyamsingh/Desktop/untitled folder/Quizizz/node_modules/@esbuild/android-arm64'
1992 silly reify ]
1993 verbose reify failed optional dependency /Users/satyamsingh/Desktop/untitled folder/Quizizz/node_modules/@esbuild/android-arm
1994 silly reify mark deleted [
1994 silly reify   '/Users/satyamsingh/Desktop/untitled folder/Quizizz/node_modules/@esbuild/android-arm'
1994 silly reify ]
1995 verbose reify failed optional dependency /Users/satyamsingh/Desktop/untitled folder/Quizizz/node_modules/@esbuild/aix-ppc64
1996 silly reify mark deleted [
1996 silly reify   '/Users/satyamsingh/Desktop/untitled folder/Quizizz/node_modules/@esbuild/aix-ppc64'
1996 silly reify ]
1997 silly tarball no local data for punycode@https://registry.npmjs.org/punycode/-/punycode-2.3.1.tgz. Extracting by manifest.
1998 silly tarball no local data for memory-pager@https://registry.npmjs.org/memory-pager/-/memory-pager-1.5.0.tgz. Extracting by manifest.
1999 silly tarball no local data for tr46@https://registry.npmjs.org/tr46/-/tr46-5.1.1.tgz. Extracting by manifest.
2000 silly tarball no local data for webidl-conversions@https://registry.npmjs.org/webidl-conversions/-/webidl-conversions-7.0.0.tgz. Extracting by manifest.
2001 silly tarball no local data for @types/webidl-conversions@https://registry.npmjs.org/@types/webidl-conversions/-/webidl-conversions-7.0.3.tgz. Extracting by manifest.
2002 silly tarball no local data for whatwg-url@https://registry.npmjs.org/whatwg-url/-/whatwg-url-14.2.0.tgz. Extracting by manifest.
2003 silly tarball no local data for @types/whatwg-url@https://registry.npmjs.org/@types/whatwg-url/-/whatwg-url-11.0.5.tgz. Extracting by manifest.
2004 silly tarball no local data for sparse-bitfield@https://registry.npmjs.org/sparse-bitfield/-/sparse-bitfield-3.0.3.tgz. Extracting by manifest.
2005 silly tarball no local data for @mongodb-js/saslprep@https://registry.npmjs.org/@mongodb-js/saslprep/-/saslprep-1.4.9.tgz. Extracting by manifest.
2006 silly tarball no local data for color-name@https://registry.npmjs.org/color-name/-/color-name-1.1.4.tgz. Extracting by manifest.
2007 silly tarball no local data for is-stream@https://registry.npmjs.org/is-stream/-/is-stream-2.0.1.tgz. Extracting by manifest.
2008 silly tarball no local data for color-convert@https://registry.npmjs.org/color-convert/-/color-convert-2.0.1.tgz. Extracting by manifest.
2009 silly tarball no local data for camelcase@https://registry.npmjs.org/camelcase/-/camelcase-5.3.1.tgz. Extracting by manifest.
2010 silly tarball no local data for mongodb-connection-string-url@https://registry.npmjs.org/mongodb-connection-string-url/-/mongodb-connection-string-url-3.0.2.tgz. Extracting by manifest.
2011 silly tarball no local data for ansi-styles@https://registry.npmjs.org/ansi-styles/-/ansi-styles-4.3.0.tgz. Extracting by manifest.
2012 silly tarball no local data for is-fullwidth-code-point@https://registry.npmjs.org/is-fullwidth-code-point/-/is-fullwidth-code-point-3.0.0.tgz. Extracting by manifest.
2013 silly tarball no local data for p-try@https://registry.npmjs.org/p-try/-/p-try-2.2.0.tgz. Extracting by manifest.
2014 silly tarball no local data for ansi-regex@https://registry.npmjs.org/ansi-regex/-/ansi-regex-5.0.1.tgz. Extracting by manifest.
2015 silly tarball no local data for p-limit@https://registry.npmjs.org/p-limit/-/p-limit-2.3.0.tgz. Extracting by manifest.
2016 silly tarball no local data for locate-path@https://registry.npmjs.org/locate-path/-/locate-path-5.0.0.tgz. Extracting by manifest.
2017 silly tarball no local data for path-exists@https://registry.npmjs.org/path-exists/-/path-exists-4.0.0.tgz. Extracting by manifest.
2018 silly tarball no local data for p-locate@https://registry.npmjs.org/p-locate/-/p-locate-4.1.0.tgz. Extracting by manifest.
2019 silly tarball no local data for strip-ansi@https://registry.npmjs.org/strip-ansi/-/strip-ansi-6.0.1.tgz. Extracting by manifest.
2020 silly tarball no local data for yargs-parser@https://registry.npmjs.org/yargs-parser/-/yargs-parser-18.1.3.tgz. Extracting by manifest.
2021 silly tarball no local data for wrap-ansi@https://registry.npmjs.org/wrap-ansi/-/wrap-ansi-6.2.0.tgz. Extracting by manifest.
2022 silly tarball no local data for which-module@https://registry.npmjs.org/which-module/-/which-module-2.0.1.tgz. Extracting by manifest.
2023 silly tarball no local data for y18n@https://registry.npmjs.org/y18n/-/y18n-4.0.3.tgz. Extracting by manifest.
2024 silly tarball no local data for set-blocking@https://registry.npmjs.org/set-blocking/-/set-blocking-2.0.0.tgz. Extracting by manifest.
2025 silly tarball no local data for require-main-filename@https://registry.npmjs.org/require-main-filename/-/require-main-filename-2.0.0.tgz. Extracting by manifest.
2026 silly tarball no local data for string-width@https://registry.npmjs.org/string-width/-/string-width-4.2.3.tgz. Extracting by manifest.
2027 silly tarball no local data for get-caller-file@https://registry.npmjs.org/get-caller-file/-/get-caller-file-2.0.5.tgz. Extracting by manifest.
2028 silly tarball no local data for find-up@https://registry.npmjs.org/find-up/-/find-up-4.1.0.tgz. Extracting by manifest.
2029 silly tarball no local data for decamelize@https://registry.npmjs.org/decamelize/-/decamelize-1.2.0.tgz. Extracting by manifest.
2030 silly tarball no local data for cliui@https://registry.npmjs.org/cliui/-/cliui-6.0.0.tgz. Extracting by manifest.
2031 silly tarball no local data for @types/estree@https://registry.npmjs.org/@types/estree/-/estree-1.0.8.tgz. Extracting by manifest.
2032 silly tarball no local data for source-map-js@https://registry.npmjs.org/source-map-js/-/source-map-js-1.2.1.tgz. Extracting by manifest.
2033 silly tarball no local data for @rollup/rollup-darwin-arm64@https://registry.npmjs.org/@rollup/rollup-darwin-arm64/-/rollup-darwin-arm64-4.60.2.tgz. Extracting by manifest.
2034 silly tarball no local data for nanoid@https://registry.npmjs.org/nanoid/-/nanoid-3.3.11.tgz. Extracting by manifest.
2035 silly tarball no local data for postcss@https://registry.npmjs.org/postcss/-/postcss-8.5.10.tgz. Extracting by manifest.
2036 silly tarball no local data for @esbuild/darwin-arm64@https://registry.npmjs.org/@esbuild/darwin-arm64/-/darwin-arm64-0.21.5.tgz. Extracting by manifest.
2037 silly tarball no local data for rollup@https://registry.npmjs.org/rollup/-/rollup-4.60.2.tgz. Extracting by manifest.
2038 silly tarball no local data for fsevents@https://registry.npmjs.org/fsevents/-/fsevents-2.3.3.tgz. Extracting by manifest.
2039 silly tarball no local data for escalade@https://registry.npmjs.org/escalade/-/escalade-3.2.0.tgz. Extracting by manifest.
2040 silly tarball no local data for media-typer@https://registry.npmjs.org/media-typer/-/media-typer-0.3.0.tgz. Extracting by manifest.
2041 silly tarball no local data for esbuild@https://registry.npmjs.org/esbuild/-/esbuild-0.21.5.tgz. Extracting by manifest.
2042 silly tarball no local data for xmlhttprequest-ssl@https://registry.npmjs.org/xmlhttprequest-ssl/-/xmlhttprequest-ssl-2.1.2.tgz. Extracting by manifest.
2043 silly tarball no local data for require-directory@https://registry.npmjs.org/require-directory/-/require-directory-2.1.1.tgz. Extracting by manifest.
2044 silly tarball no local data for @types/ws@https://registry.npmjs.org/@types/ws/-/ws-8.18.1.tgz. Extracting by manifest.
2045 silly tarball no local data for @socket.io/component-emitter@https://registry.npmjs.org/@socket.io/component-emitter/-/component-emitter-3.1.2.tgz. Extracting by manifest.
2046 silly tarball no local data for engine.io-client@https://registry.npmjs.org/engine.io-client/-/engine.io-client-6.6.4.tgz. Extracting by manifest.
2047 silly tarball no local data for @types/cors@https://registry.npmjs.org/@types/cors/-/cors-2.8.19.tgz. Extracting by manifest.
2048 silly tarball no local data for engine.io@https://registry.npmjs.org/engine.io/-/engine.io-6.6.6.tgz. Extracting by manifest.
2049 silly tarball no local data for socket.io-adapter@https://registry.npmjs.org/socket.io-adapter/-/socket.io-adapter-2.5.6.tgz. Extracting by manifest.
2050 silly tarball no local data for base64id@https://registry.npmjs.org/base64id/-/base64id-2.0.0.tgz. Extracting by manifest.
2051 silly tarball no local data for call-bound@https://registry.npmjs.org/call-bound/-/call-bound-1.0.4.tgz. Extracting by manifest.
2052 silly tarball no local data for side-channel-weakmap@https://registry.npmjs.org/side-channel-weakmap/-/side-channel-weakmap-1.0.2.tgz. Extracting by manifest.
2053 silly tarball no local data for side-channel-map@https://registry.npmjs.org/side-channel-map/-/side-channel-map-1.0.1.tgz. Extracting by manifest.
2054 silly tarball no local data for side-channel-list@https://registry.npmjs.org/side-channel-list/-/side-channel-list-1.0.1.tgz. Extracting by manifest.
2055 silly tarball no local data for socket.io-parser@https://registry.npmjs.org/socket.io-parser/-/socket.io-parser-4.2.6.tgz. Extracting by manifest.
2056 silly tarball no local data for object-inspect@https://registry.npmjs.org/object-inspect/-/object-inspect-1.13.4.tgz. Extracting by manifest.
2057 silly tarball no local data for string_decoder@https://registry.npmjs.org/string_decoder/-/string_decoder-1.1.1.tgz. Extracting by manifest.
2058 silly tarball no local data for engine.io-parser@https://registry.npmjs.org/engine.io-parser/-/engine.io-parser-5.2.3.tgz. Extracting by manifest.
2059 silly tarball no local data for mime@https://registry.npmjs.org/mime/-/mime-1.6.0.tgz. Extracting by manifest.
2060 silly tarball no local data for process-nextick-args@https://registry.npmjs.org/process-nextick-args/-/process-nextick-args-2.0.1.tgz. Extracting by manifest.
2061 silly tarball no local data for core-util-is@https://registry.npmjs.org/core-util-is/-/core-util-is-1.0.3.tgz. Extracting by manifest.
2062 silly tarball no local data for isarray@https://registry.npmjs.org/isarray/-/isarray-1.0.0.tgz. Extracting by manifest.
2063 silly tarball no local data for react-router@https://registry.npmjs.org/react-router/-/react-router-6.30.3.tgz. Extracting by manifest.
2064 silly tarball no local data for util-deprecate@https://registry.npmjs.org/util-deprecate/-/util-deprecate-1.0.2.tgz. Extracting by manifest.
2065 silly tarball no local data for @remix-run/router@https://registry.npmjs.org/@remix-run/router/-/router-1.23.2.tgz. Extracting by manifest.
2066 silly tarball no local data for side-channel@https://registry.npmjs.org/side-channel/-/side-channel-1.1.0.tgz. Extracting by manifest.
2067 silly tarball no local data for yargs@https://registry.npmjs.org/yargs/-/yargs-15.4.1.tgz. Extracting by manifest.
2068 silly tarball no local data for loose-envify@https://registry.npmjs.org/loose-envify/-/loose-envify-1.4.0.tgz. Extracting by manifest.
2069 silly tarball no local data for scheduler@https://registry.npmjs.org/scheduler/-/scheduler-0.23.2.tgz. Extracting by manifest.
2070 silly tarball no local data for dijkstrajs@https://registry.npmjs.org/dijkstrajs/-/dijkstrajs-1.0.3.tgz. Extracting by manifest.
2071 silly tarball no local data for ipaddr.js@https://registry.npmjs.org/ipaddr.js/-/ipaddr.js-1.9.1.tgz. Extracting by manifest.
2072 silly tarball no local data for forwarded@https://registry.npmjs.org/forwarded/-/forwarded-0.2.0.tgz. Extracting by manifest.
2073 silly tarball no local data for undici-types@https://registry.npmjs.org/undici-types/-/undici-types-7.19.2.tgz. Extracting by manifest.
2074 silly tarball no local data for long@https://registry.npmjs.org/long/-/long-5.3.2.tgz. Extracting by manifest.
2075 silly tarball no local data for @types/node@https://registry.npmjs.org/@types/node/-/node-25.6.0.tgz. Extracting by manifest.
2076 silly tarball no local data for @protobufjs/utf8@https://registry.npmjs.org/@protobufjs/utf8/-/utf8-1.1.0.tgz. Extracting by manifest.
2077 silly tarball no local data for @protobufjs/pool@https://registry.npmjs.org/@protobufjs/pool/-/pool-1.1.0.tgz. Extracting by manifest.
2078 silly tarball no local data for @protobufjs/inquire@https://registry.npmjs.org/@protobufjs/inquire/-/inquire-1.1.0.tgz. Extracting by manifest.
2079 silly tarball no local data for @protobufjs/float@https://registry.npmjs.org/@protobufjs/float/-/float-1.0.2.tgz. Extracting by manifest.
2080 silly tarball no local data for @protobufjs/fetch@https://registry.npmjs.org/@protobufjs/fetch/-/fetch-1.1.0.tgz. Extracting by manifest.
2081 silly tarball no local data for @protobufjs/eventemitter@https://registry.npmjs.org/@protobufjs/eventemitter/-/eventemitter-1.1.0.tgz. Extracting by manifest.
2082 silly tarball no local data for @protobufjs/aspromise@https://registry.npmjs.org/@protobufjs/aspromise/-/aspromise-1.1.2.tgz. Extracting by manifest.
2083 silly tarball no local data for @protobufjs/path@https://registry.npmjs.org/@protobufjs/path/-/path-1.1.2.tgz. Extracting by manifest.
2084 silly tarball no local data for @protobufjs/base64@https://registry.npmjs.org/@protobufjs/base64/-/base64-1.1.2.tgz. Extracting by manifest.
2085 silly tarball no local data for retry@https://registry.npmjs.org/retry/-/retry-0.13.1.tgz. Extracting by manifest.
2086 silly tarball no local data for node-ensure@https://registry.npmjs.org/node-ensure/-/node-ensure-0.0.0.tgz. Extracting by manifest.
2087 silly tarball no local data for @types/retry@https://registry.npmjs.org/@types/retry/-/retry-0.12.0.tgz. Extracting by manifest.
2088 silly tarball no local data for ee-first@https://registry.npmjs.org/ee-first/-/ee-first-1.1.1.tgz. Extracting by manifest.
2089 silly tarball no local data for web-streams-polyfill@https://registry.npmjs.org/web-streams-polyfill/-/web-streams-polyfill-3.3.3.tgz. Extracting by manifest.
2090 silly tarball no local data for fetch-blob@https://registry.npmjs.org/fetch-blob/-/fetch-blob-3.2.0.tgz. Extracting by manifest.
2091 silly tarball no local data for formdata-polyfill@https://registry.npmjs.org/formdata-polyfill/-/formdata-polyfill-4.0.10.tgz. Extracting by manifest.
2092 silly tarball no local data for pngjs@https://registry.npmjs.org/pngjs/-/pngjs-5.0.0.tgz. Extracting by manifest.
2093 silly tarball no local data for @protobufjs/codegen@https://registry.npmjs.org/@protobufjs/codegen/-/codegen-2.0.4.tgz. Extracting by manifest.
2094 silly tarball no local data for minimist@https://registry.npmjs.org/minimist/-/minimist-1.2.8.tgz. Extracting by manifest.
2095 silly tarball no local data for typedarray@https://registry.npmjs.org/typedarray/-/typedarray-0.0.6.tgz. Extracting by manifest.
2096 silly tarball no local data for node-domexception@https://registry.npmjs.org/node-domexception/-/node-domexception-1.0.0.tgz. Extracting by manifest.
2097 silly tarball no local data for mkdirp@https://registry.npmjs.org/mkdirp/-/mkdirp-0.5.6.tgz. Extracting by manifest.
2098 silly tarball no local data for buffer-from@https://registry.npmjs.org/buffer-from/-/buffer-from-1.1.2.tgz. Extracting by manifest.
2099 silly tarball no local data for data-uri-to-buffer@https://registry.npmjs.org/data-uri-to-buffer/-/data-uri-to-buffer-4.0.1.tgz. Extracting by manifest.
2100 silly tarball no local data for streamsearch@https://registry.npmjs.org/streamsearch/-/streamsearch-1.1.0.tgz. Extracting by manifest.
2101 silly tarball no local data for xtend@https://registry.npmjs.org/xtend/-/xtend-4.0.2.tgz. Extracting by manifest.
2102 silly tarball no local data for emoji-regex@https://registry.npmjs.org/emoji-regex/-/emoji-regex-8.0.0.tgz. Extracting by manifest.
2103 silly tarball no local data for concat-stream@https://registry.npmjs.org/concat-stream/-/concat-stream-1.6.2.tgz. Extracting by manifest.
2104 silly tarball no local data for busboy@https://registry.npmjs.org/busboy/-/busboy-1.6.0.tgz. Extracting by manifest.
2105 silly tarball no local data for append-field@https://registry.npmjs.org/append-field/-/append-field-1.0.0.tgz. Extracting by manifest.
2106 silly tarball no local data for sift@https://registry.npmjs.org/sift/-/sift-17.1.3.tgz. Extracting by manifest.
2107 silly tarball no local data for mquery@https://registry.npmjs.org/mquery/-/mquery-5.0.0.tgz. Extracting by manifest.
2108 silly tarball no local data for mpath@https://registry.npmjs.org/mpath/-/mpath-0.9.0.tgz. Extracting by manifest.
2109 silly tarball no local data for bson@https://registry.npmjs.org/bson/-/bson-6.10.4.tgz. Extracting by manifest.
2110 silly tarball no local data for mime-db@https://registry.npmjs.org/mime-db/-/mime-db-1.52.0.tgz. Extracting by manifest.
2111 silly tarball no local data for kareem@https://registry.npmjs.org/kareem/-/kareem-2.6.3.tgz. Extracting by manifest.
2112 silly tarball no local data for option@https://registry.npmjs.org/option/-/option-0.2.4.tgz. Extracting by manifest.
2113 silly tarball no local data for immediate@https://registry.npmjs.org/immediate/-/immediate-3.0.6.tgz. Extracting by manifest.
2114 silly tarball no local data for duck@https://registry.npmjs.org/duck/-/duck-0.1.12.tgz. Extracting by manifest.
2115 silly tarball no local data for setimmediate@https://registry.npmjs.org/setimmediate/-/setimmediate-1.0.5.tgz. Extracting by manifest.
2116 silly tarball no local data for pako@https://registry.npmjs.org/pako/-/pako-1.0.11.tgz. Extracting by manifest.
2117 silly tarball no local data for readable-stream@https://registry.npmjs.org/readable-stream/-/readable-stream-2.3.8.tgz. Extracting by manifest.
2118 silly tarball no local data for lie@https://registry.npmjs.org/lie/-/lie-3.3.0.tgz. Extracting by manifest.
2119 silly tarball no local data for xmlbuilder@https://registry.npmjs.org/xmlbuilder/-/xmlbuilder-10.1.1.tgz. Extracting by manifest.
2120 silly tarball no local data for sprintf-js@https://registry.npmjs.org/sprintf-js/-/sprintf-js-1.0.3.tgz. Extracting by manifest.
2121 silly tarball no local data for underscore@https://registry.npmjs.org/underscore/-/underscore-1.13.8.tgz. Extracting by manifest.
2122 silly tarball no local data for lop@https://registry.npmjs.org/lop/-/lop-0.4.2.tgz. Extracting by manifest.
2123 silly tarball no local data for path-is-absolute@https://registry.npmjs.org/path-is-absolute/-/path-is-absolute-1.0.1.tgz. Extracting by manifest.
2124 silly tarball no local data for bluebird@https://registry.npmjs.org/bluebird/-/bluebird-3.4.7.tgz. Extracting by manifest.
2125 silly tarball no local data for dingbat-to-unicode@https://registry.npmjs.org/dingbat-to-unicode/-/dingbat-to-unicode-1.0.1.tgz. Extracting by manifest.
2126 silly tarball no local data for jszip@https://registry.npmjs.org/jszip/-/jszip-3.10.1.tgz. Extracting by manifest.
2127 silly tarball no local data for argparse@https://registry.npmjs.org/argparse/-/argparse-1.0.10.tgz. Extracting by manifest.
2128 silly tarball no local data for yallist@https://registry.npmjs.org/yallist/-/yallist-3.1.1.tgz. Extracting by manifest.
2129 silly tarball no local data for @xmldom/xmldom@https://registry.npmjs.org/@xmldom/xmldom/-/xmldom-0.8.13.tgz. Extracting by manifest.
2130 silly tarball no local data for jwa@https://registry.npmjs.org/jwa/-/jwa-2.0.1.tgz. Extracting by manifest.
2131 silly tarball no local data for buffer-equal-constant-time@https://registry.npmjs.org/buffer-equal-constant-time/-/buffer-equal-constant-time-1.0.1.tgz. Extracting by manifest.
2132 silly tarball no local data for safer-buffer@https://registry.npmjs.org/safer-buffer/-/safer-buffer-2.1.2.tgz. Extracting by manifest.
2133 silly tarball no local data for bignumber.js@https://registry.npmjs.org/bignumber.js/-/bignumber.js-9.3.1.tgz. Extracting by manifest.
2134 silly tarball no local data for agent-base@https://registry.npmjs.org/agent-base/-/agent-base-7.1.4.tgz. Extracting by manifest.
2135 silly tarball no local data for toidentifier@https://registry.npmjs.org/toidentifier/-/toidentifier-1.0.1.tgz. Extracting by manifest.
2136 silly tarball no local data for inherits@https://registry.npmjs.org/inherits/-/inherits-2.0.4.tgz. Extracting by manifest.
2137 silly tarball no local data for json-bigint@https://registry.npmjs.org/json-bigint/-/json-bigint-1.0.0.tgz. Extracting by manifest.
2138 silly tarball no local data for node-fetch@https://registry.npmjs.org/node-fetch/-/node-fetch-3.3.2.tgz. Extracting by manifest.
2139 silly tarball no local data for https-proxy-agent@https://registry.npmjs.org/https-proxy-agent/-/https-proxy-agent-7.0.6.tgz. Extracting by manifest.
2140 silly tarball no local data for extend@https://registry.npmjs.org/extend/-/extend-3.0.2.tgz. Extracting by manifest.
2141 silly tarball no local data for jws@https://registry.npmjs.org/jws/-/jws-4.0.1.tgz. Extracting by manifest.
2142 silly tarball no local data for google-logging-utils@https://registry.npmjs.org/google-logging-utils/-/google-logging-utils-1.1.3.tgz. Extracting by manifest.
2143 silly tarball no local data for gcp-metadata@https://registry.npmjs.org/gcp-metadata/-/gcp-metadata-8.1.2.tgz. Extracting by manifest.
2144 silly tarball no local data for gaxios@https://registry.npmjs.org/gaxios/-/gaxios-7.1.4.tgz. Extracting by manifest.
2145 silly tarball no local data for ecdsa-sig-formatter@https://registry.npmjs.org/ecdsa-sig-formatter/-/ecdsa-sig-formatter-1.0.11.tgz. Extracting by manifest.
2146 silly tarball no local data for dunder-proto@https://registry.npmjs.org/dunder-proto/-/dunder-proto-1.0.1.tgz. Extracting by manifest.
2147 silly tarball no local data for math-intrinsics@https://registry.npmjs.org/math-intrinsics/-/math-intrinsics-1.1.0.tgz. Extracting by manifest.
2148 silly tarball no local data for gopd@https://registry.npmjs.org/gopd/-/gopd-1.2.0.tgz. Extracting by manifest.
2149 silly tarball no local data for has-symbols@https://registry.npmjs.org/has-symbols/-/has-symbols-1.1.0.tgz. Extracting by manifest.
2150 silly tarball no local data for function-bind@https://registry.npmjs.org/function-bind/-/function-bind-1.1.2.tgz. Extracting by manifest.
2151 silly tarball no local data for base64-js@https://registry.npmjs.org/base64-js/-/base64-js-1.5.1.tgz. Extracting by manifest.
2152 silly tarball no local data for es-object-atoms@https://registry.npmjs.org/es-object-atoms/-/es-object-atoms-1.1.1.tgz. Extracting by manifest.
2153 silly tarball no local data for get-intrinsic@https://registry.npmjs.org/get-intrinsic/-/get-intrinsic-1.3.0.tgz. Extracting by manifest.
2154 silly tarball no local data for call-bind-apply-helpers@https://registry.npmjs.org/call-bind-apply-helpers/-/call-bind-apply-helpers-1.0.2.tgz. Extracting by manifest.
2155 silly tarball no local data for has-tostringtag@https://registry.npmjs.org/has-tostringtag/-/has-tostringtag-1.0.2.tgz. Extracting by manifest.
2156 silly tarball no local data for get-proto@https://registry.npmjs.org/get-proto/-/get-proto-1.0.1.tgz. Extracting by manifest.
2157 silly tarball no local data for es-errors@https://registry.npmjs.org/es-errors/-/es-errors-1.3.0.tgz. Extracting by manifest.
2158 silly tarball no local data for hasown@https://registry.npmjs.org/hasown/-/hasown-2.0.3.tgz. Extracting by manifest.
2159 silly tarball no local data for es-set-tostringtag@https://registry.npmjs.org/es-set-tostringtag/-/es-set-tostringtag-2.1.0.tgz. Extracting by manifest.
2160 silly tarball no local data for combined-stream@https://registry.npmjs.org/combined-stream/-/combined-stream-1.0.8.tgz. Extracting by manifest.
2161 silly tarball no local data for unpipe@https://registry.npmjs.org/unpipe/-/unpipe-1.0.0.tgz. Extracting by manifest.
2162 silly tarball no local data for asynckit@https://registry.npmjs.org/asynckit/-/asynckit-0.4.0.tgz. Extracting by manifest.
2163 silly tarball no local data for raw-body@https://registry.npmjs.org/raw-body/-/raw-body-2.5.3.tgz. Extracting by manifest.
2164 silly tarball no local data for es-define-property@https://registry.npmjs.org/es-define-property/-/es-define-property-1.0.1.tgz. Extracting by manifest.
2165 silly tarball no local data for delayed-stream@https://registry.npmjs.org/delayed-stream/-/delayed-stream-1.0.0.tgz. Extracting by manifest.
2166 silly tarball no local data for iconv-lite@https://registry.npmjs.org/iconv-lite/-/iconv-lite-0.4.24.tgz. Extracting by manifest.
2167 silly tarball no local data for destroy@https://registry.npmjs.org/destroy/-/destroy-1.2.0.tgz. Extracting by manifest.
2168 silly tarball no local data for negotiator@https://registry.npmjs.org/negotiator/-/negotiator-0.6.3.tgz. Extracting by manifest.
2169 silly tarball no local data for mime-types@https://registry.npmjs.org/mime-types/-/mime-types-2.1.35.tgz. Extracting by manifest.
2170 silly tarball no local data for bytes@https://registry.npmjs.org/bytes/-/bytes-3.1.2.tgz. Extracting by manifest.
2171 silly tarball no local data for type-is@https://registry.npmjs.org/type-is/-/type-is-1.6.18.tgz. Extracting by manifest.
2172 silly tarball no local data for setprototypeof@https://registry.npmjs.org/setprototypeof/-/setprototypeof-1.2.0.tgz. Extracting by manifest.
2173 silly tarball no local data for statuses@https://registry.npmjs.org/statuses/-/statuses-2.0.2.tgz. Extracting by manifest.
2174 silly tarball no local data for utils-merge@https://registry.npmjs.org/utils-merge/-/utils-merge-1.0.1.tgz. Extracting by manifest.
2175 silly tarball no local data for send@https://registry.npmjs.org/send/-/send-0.19.2.tgz. Extracting by manifest.
2176 silly tarball no local data for serve-static@https://registry.npmjs.org/serve-static/-/serve-static-1.16.3.tgz. Extracting by manifest.
2177 silly tarball no local data for range-parser@https://registry.npmjs.org/range-parser/-/range-parser-1.2.1.tgz. Extracting by manifest.
2178 silly tarball no local data for qs@https://registry.npmjs.org/qs/-/qs-6.14.2.tgz. Extracting by manifest.
2179 silly tarball no local data for safe-buffer@https://registry.npmjs.org/safe-buffer/-/safe-buffer-5.2.1.tgz. Extracting by manifest.
2180 silly tarball no local data for parseurl@https://registry.npmjs.org/parseurl/-/parseurl-1.3.3.tgz. Extracting by manifest.
2181 silly tarball no local data for path-to-regexp@https://registry.npmjs.org/path-to-regexp/-/path-to-regexp-0.1.13.tgz. Extracting by manifest.
2182 silly tarball no local data for proxy-addr@https://registry.npmjs.org/proxy-addr/-/proxy-addr-2.0.7.tgz. Extracting by manifest.
2183 silly tarball no local data for on-finished@https://registry.npmjs.org/on-finished/-/on-finished-2.4.1.tgz. Extracting by manifest.
2184 silly tarball no local data for methods@https://registry.npmjs.org/methods/-/methods-1.1.2.tgz. Extracting by manifest.
2185 silly tarball no local data for fresh@https://registry.npmjs.org/fresh/-/fresh-0.5.2.tgz. Extracting by manifest.
2186 silly tarball no local data for etag@https://registry.npmjs.org/etag/-/etag-1.8.1.tgz. Extracting by manifest.
2187 silly tarball no local data for merge-descriptors@https://registry.npmjs.org/merge-descriptors/-/merge-descriptors-1.0.3.tgz. Extracting by manifest.
2188 silly tarball no local data for escape-html@https://registry.npmjs.org/escape-html/-/escape-html-1.0.3.tgz. Extracting by manifest.
2189 silly tarball no local data for finalhandler@https://registry.npmjs.org/finalhandler/-/finalhandler-1.3.2.tgz. Extracting by manifest.
2190 silly tarball no local data for encodeurl@https://registry.npmjs.org/encodeurl/-/encodeurl-2.0.0.tgz. Extracting by manifest.
2191 silly tarball no local data for cookie-signature@https://registry.npmjs.org/cookie-signature/-/cookie-signature-1.0.7.tgz. Extracting by manifest.
2192 silly tarball no local data for http-errors@https://registry.npmjs.org/http-errors/-/http-errors-2.0.1.tgz. Extracting by manifest.
2193 silly tarball no local data for depd@https://registry.npmjs.org/depd/-/depd-2.0.0.tgz. Extracting by manifest.
2194 silly tarball no local data for cookie@https://registry.npmjs.org/cookie/-/cookie-0.7.2.tgz. Extracting by manifest.
2195 silly tarball no local data for content-type@https://registry.npmjs.org/content-type/-/content-type-1.0.5.tgz. Extracting by manifest.
2196 silly tarball no local data for array-flatten@https://registry.npmjs.org/array-flatten/-/array-flatten-1.1.1.tgz. Extracting by manifest.
2197 silly tarball no local data for body-parser@https://registry.npmjs.org/body-parser/-/body-parser-1.20.4.tgz. Extracting by manifest.
2198 silly tarball no local data for content-disposition@https://registry.npmjs.org/content-disposition/-/content-disposition-0.5.4.tgz. Extracting by manifest.
2199 silly tarball no local data for ms@https://registry.npmjs.org/ms/-/ms-2.1.3.tgz. Extracting by manifest.
2200 silly tarball no local data for object-assign@https://registry.npmjs.org/object-assign/-/object-assign-4.1.1.tgz. Extracting by manifest.
2201 silly tarball no local data for vary@https://registry.npmjs.org/vary/-/vary-1.1.2.tgz. Extracting by manifest.
2202 silly tarball no local data for update-browserslist-db@https://registry.npmjs.org/update-browserslist-db/-/update-browserslist-db-1.2.3.tgz. Extracting by manifest.
2203 silly tarball no local data for accepts@https://registry.npmjs.org/accepts/-/accepts-1.3.8.tgz. Extracting by manifest.
2204 silly tarball no local data for node-releases@https://registry.npmjs.org/node-releases/-/node-releases-2.0.38.tgz. Extracting by manifest.
2205 silly tarball no local data for caniuse-lite@https://registry.npmjs.org/caniuse-lite/-/caniuse-lite-1.0.30001790.tgz. Extracting by manifest.
2206 silly tarball no local data for baseline-browser-mapping@https://registry.npmjs.org/baseline-browser-mapping/-/baseline-browser-mapping-2.10.21.tgz. Extracting by manifest.
2207 silly tarball no local data for electron-to-chromium@https://registry.npmjs.org/electron-to-chromium/-/electron-to-chromium-1.5.344.tgz. Extracting by manifest.
2208 silly tarball no local data for proxy-from-env@https://registry.npmjs.org/proxy-from-env/-/proxy-from-env-2.1.0.tgz. Extracting by manifest.
2209 silly tarball no local data for form-data@https://registry.npmjs.org/form-data/-/form-data-4.0.5.tgz. Extracting by manifest.
2210 silly tarball no local data for @types/babel__template@https://registry.npmjs.org/@types/babel__template/-/babel__template-7.4.4.tgz. Extracting by manifest.
2211 silly tarball no local data for @types/babel__traverse@https://registry.npmjs.org/@types/babel__traverse/-/babel__traverse-7.28.0.tgz. Extracting by manifest.
2212 silly tarball no local data for @jridgewell/resolve-uri@https://registry.npmjs.org/@jridgewell/resolve-uri/-/resolve-uri-3.1.2.tgz. Extracting by manifest.
2213 silly tarball no local data for follow-redirects@https://registry.npmjs.org/follow-redirects/-/follow-redirects-1.16.0.tgz. Extracting by manifest.
2214 silly tarball no local data for @babel/helper-string-parser@https://registry.npmjs.org/@babel/helper-string-parser/-/helper-string-parser-7.27.1.tgz. Extracting by manifest.
2215 silly tarball no local data for @types/babel__generator@https://registry.npmjs.org/@types/babel__generator/-/babel__generator-7.27.0.tgz. Extracting by manifest.
2216 silly tarball no local data for @babel/helper-globals@https://registry.npmjs.org/@babel/helper-globals/-/helper-globals-7.28.0.tgz. Extracting by manifest.
2217 silly tarball no local data for @jridgewell/sourcemap-codec@https://registry.npmjs.org/@jridgewell/sourcemap-codec/-/sourcemap-codec-1.5.5.tgz. Extracting by manifest.
2218 silly tarball no local data for @babel/helper-plugin-utils@https://registry.npmjs.org/@babel/helper-plugin-utils/-/helper-plugin-utils-7.28.6.tgz. Extracting by manifest.
2219 silly tarball no local data for browserslist@https://registry.npmjs.org/browserslist/-/browserslist-4.28.2.tgz. Extracting by manifest.
2220 silly tarball no local data for @babel/helper-validator-option@https://registry.npmjs.org/@babel/helper-validator-option/-/helper-validator-option-7.27.1.tgz. Extracting by manifest.
2221 silly tarball no local data for lru-cache@https://registry.npmjs.org/lru-cache/-/lru-cache-5.1.1.tgz. Extracting by manifest.
2222 silly tarball no local data for jsesc@https://registry.npmjs.org/jsesc/-/jsesc-3.1.0.tgz. Extracting by manifest.
2223 silly tarball no local data for @babel/helper-module-imports@https://registry.npmjs.org/@babel/helper-module-imports/-/helper-module-imports-7.28.6.tgz. Extracting by manifest.
2224 silly tarball no local data for @jridgewell/gen-mapping@https://registry.npmjs.org/@jridgewell/gen-mapping/-/gen-mapping-0.3.13.tgz. Extracting by manifest.
2225 silly tarball no local data for picocolors@https://registry.npmjs.org/picocolors/-/picocolors-1.1.1.tgz. Extracting by manifest.
2226 silly tarball no local data for @babel/helper-validator-identifier@https://registry.npmjs.org/@babel/helper-validator-identifier/-/helper-validator-identifier-7.28.5.tgz. Extracting by manifest.
2227 silly tarball no local data for @babel/compat-data@https://registry.npmjs.org/@babel/compat-data/-/compat-data-7.29.0.tgz. Extracting by manifest.
2228 silly tarball no local data for @jridgewell/trace-mapping@https://registry.npmjs.org/@jridgewell/trace-mapping/-/trace-mapping-0.3.31.tgz. Extracting by manifest.
2229 silly tarball no local data for semver@https://registry.npmjs.org/semver/-/semver-6.3.1.tgz. Extracting by manifest.
2230 silly tarball no local data for json5@https://registry.npmjs.org/json5/-/json5-2.2.3.tgz. Extracting by manifest.
2231 silly tarball no local data for convert-source-map@https://registry.npmjs.org/convert-source-map/-/convert-source-map-2.0.0.tgz. Extracting by manifest.
2232 silly tarball no local data for @jridgewell/remapping@https://registry.npmjs.org/@jridgewell/remapping/-/remapping-2.3.5.tgz. Extracting by manifest.
2233 silly tarball no local data for gensync@https://registry.npmjs.org/gensync/-/gensync-1.0.0-beta.2.tgz. Extracting by manifest.
2234 silly tarball no local data for debug@https://registry.npmjs.org/debug/-/debug-4.4.3.tgz. Extracting by manifest.
2235 silly tarball no local data for js-tokens@https://registry.npmjs.org/js-tokens/-/js-tokens-4.0.0.tgz. Extracting by manifest.
2236 silly tarball no local data for @babel/helpers@https://registry.npmjs.org/@babel/helpers/-/helpers-7.29.2.tgz. Extracting by manifest.
2237 silly tarball no local data for @babel/template@https://registry.npmjs.org/@babel/template/-/template-7.28.6.tgz. Extracting by manifest.
2238 silly tarball no local data for @babel/parser@https://registry.npmjs.org/@babel/parser/-/parser-7.29.2.tgz. Extracting by manifest.
2239 silly tarball no local data for @babel/traverse@https://registry.npmjs.org/@babel/traverse/-/traverse-7.29.0.tgz. Extracting by manifest.
2240 silly tarball no local data for @babel/helper-module-transforms@https://registry.npmjs.org/@babel/helper-module-transforms/-/helper-module-transforms-7.28.6.tgz. Extracting by manifest.
2241 silly tarball no local data for @babel/generator@https://registry.npmjs.org/@babel/generator/-/generator-7.29.1.tgz. Extracting by manifest.
2242 silly tarball no local data for @babel/helper-compilation-targets@https://registry.npmjs.org/@babel/helper-compilation-targets/-/helper-compilation-targets-7.28.6.tgz. Extracting by manifest.
2243 silly tarball no local data for @babel/code-frame@https://registry.npmjs.org/@babel/code-frame/-/code-frame-7.29.0.tgz. Extracting by manifest.
2244 silly tarball no local data for react-refresh@https://registry.npmjs.org/react-refresh/-/react-refresh-0.17.0.tgz. Extracting by manifest.
2245 silly tarball no local data for @babel/plugin-transform-react-jsx-source@https://registry.npmjs.org/@babel/plugin-transform-react-jsx-source/-/plugin-transform-react-jsx-source-7.27.1.tgz. Extracting by manifest.
2246 silly tarball no local data for @types/babel__core@https://registry.npmjs.org/@types/babel__core/-/babel__core-7.20.5.tgz. Extracting by manifest.
2247 silly tarball no local data for @babel/core@https://registry.npmjs.org/@babel/core/-/core-7.29.0.tgz. Extracting by manifest.
2248 silly tarball no local data for @babel/types@https://registry.npmjs.org/@babel/types/-/types-7.29.0.tgz. Extracting by manifest.
2249 silly tarball no local data for protobufjs@https://registry.npmjs.org/protobufjs/-/protobufjs-7.5.5.tgz. Extracting by manifest.
2250 silly tarball no local data for google-auth-library@https://registry.npmjs.org/google-auth-library/-/google-auth-library-10.6.2.tgz. Extracting by manifest.
2251 silly tarball no local data for ws@https://registry.npmjs.org/ws/-/ws-8.20.0.tgz. Extracting by manifest.
2252 silly tarball no local data for @google/genai@https://registry.npmjs.org/@google/genai/-/genai-1.50.1.tgz. Extracting by manifest.
2253 silly tarball no local data for react-router-dom@https://registry.npmjs.org/react-router-dom/-/react-router-dom-6.30.3.tgz. Extracting by manifest.
2254 silly tarball no local data for socket.io-client@https://registry.npmjs.org/socket.io-client/-/socket.io-client-4.8.3.tgz. Extracting by manifest.
2255 silly tarball no local data for @vitejs/plugin-react@https://registry.npmjs.org/@vitejs/plugin-react/-/plugin-react-4.7.0.tgz. Extracting by manifest.
2256 silly tarball no local data for vite@https://registry.npmjs.org/vite/-/vite-5.4.21.tgz. Extracting by manifest.
2257 silly tarball no local data for react@https://registry.npmjs.org/react/-/react-18.3.1.tgz. Extracting by manifest.
2258 silly tarball no local data for socket.io@https://registry.npmjs.org/socket.io/-/socket.io-4.8.3.tgz. Extracting by manifest.
2259 silly tarball no local data for p-retry@https://registry.npmjs.org/p-retry/-/p-retry-4.6.2.tgz. Extracting by manifest.
2260 silly tarball no local data for pdf-parse@https://registry.npmjs.org/pdf-parse/-/pdf-parse-1.1.4.tgz. Extracting by manifest.
2261 silly tarball no local data for react-dom@https://registry.npmjs.org/react-dom/-/react-dom-18.3.1.tgz. Extracting by manifest.
2262 silly tarball no local data for mammoth@https://registry.npmjs.org/mammoth/-/mammoth-1.12.0.tgz. Extracting by manifest.
2263 silly tarball no local data for @rolldown/pluginutils@https://registry.npmjs.org/@rolldown/pluginutils/-/pluginutils-1.0.0-beta.27.tgz. Extracting by manifest.
2264 silly tarball no local data for multer@https://registry.npmjs.org/multer/-/multer-1.4.5-lts.2.tgz. Extracting by manifest.
2265 silly tarball no local data for qrcode@https://registry.npmjs.org/qrcode/-/qrcode-1.5.4.tgz. Extracting by manifest.
2266 silly tarball no local data for express@https://registry.npmjs.org/express/-/express-4.22.1.tgz. Extracting by manifest.
2267 silly tarball no local data for mongoose@https://registry.npmjs.org/mongoose/-/mongoose-8.23.1.tgz. Extracting by manifest.
2268 silly tarball no local data for axios@https://registry.npmjs.org/axios/-/axios-1.15.2.tgz. Extracting by manifest.
2269 silly tarball no local data for @babel/plugin-transform-react-jsx-self@https://registry.npmjs.org/@babel/plugin-transform-react-jsx-self/-/plugin-transform-react-jsx-self-7.27.1.tgz. Extracting by manifest.
2270 silly tarball no local data for dotenv@https://registry.npmjs.org/dotenv/-/dotenv-16.6.1.tgz. Extracting by manifest.
2271 silly tarball no local data for cors@https://registry.npmjs.org/cors/-/cors-2.8.6.tgz. Extracting by manifest.
2272 silly tarball no local data for safe-buffer@https://registry.npmjs.org/safe-buffer/-/safe-buffer-5.1.2.tgz. Extracting by manifest.
2273 silly tarball no local data for ws@https://registry.npmjs.org/ws/-/ws-8.18.3.tgz. Extracting by manifest.
2274 silly tarball no local data for ws@https://registry.npmjs.org/ws/-/ws-8.18.3.tgz. Extracting by manifest.
2275 silly tarball no local data for safe-buffer@https://registry.npmjs.org/safe-buffer/-/safe-buffer-5.1.2.tgz. Extracting by manifest.
2276 silly tarball no local data for ms@https://registry.npmjs.org/ms/-/ms-2.0.0.tgz. Extracting by manifest.
2277 silly tarball no local data for debug@https://registry.npmjs.org/debug/-/debug-2.6.9.tgz. Extracting by manifest.
2278 silly tarball no local data for ms@https://registry.npmjs.org/ms/-/ms-2.0.0.tgz. Extracting by manifest.
2279 silly tarball no local data for debug@https://registry.npmjs.org/debug/-/debug-2.6.9.tgz. Extracting by manifest.
2280 silly tarball no local data for debug@https://registry.npmjs.org/debug/-/debug-2.6.9.tgz. Extracting by manifest.
2281 silly tarball no local data for ws@https://registry.npmjs.org/ws/-/ws-8.18.3.tgz. Extracting by manifest.
2282 silly tarball no local data for ms@https://registry.npmjs.org/ms/-/ms-2.0.0.tgz. Extracting by manifest.
2283 silly tarball no local data for webidl-conversions@https://registry.npmjs.org/webidl-conversions/-/webidl-conversions-3.0.1.tgz. Extracting by manifest.
2284 silly tarball no local data for node-fetch@https://registry.npmjs.org/node-fetch/-/node-fetch-2.7.0.tgz. Extracting by manifest.
2285 silly tarball no local data for https-proxy-agent@https://registry.npmjs.org/https-proxy-agent/-/https-proxy-agent-5.0.1.tgz. Extracting by manifest.
2286 silly tarball no local data for gcp-metadata@https://registry.npmjs.org/gcp-metadata/-/gcp-metadata-5.3.0.tgz. Extracting by manifest.
2287 silly tarball no local data for tr46@https://registry.npmjs.org/tr46/-/tr46-0.0.3.tgz. Extracting by manifest.
2288 silly tarball no local data for whatwg-url@https://registry.npmjs.org/whatwg-url/-/whatwg-url-5.0.0.tgz. Extracting by manifest.
2289 silly tarball no local data for ms@https://registry.npmjs.org/ms/-/ms-2.0.0.tgz. Extracting by manifest.
2290 silly tarball no local data for agent-base@https://registry.npmjs.org/agent-base/-/agent-base-6.0.2.tgz. Extracting by manifest.
2291 silly tarball no local data for debug@https://registry.npmjs.org/debug/-/debug-2.6.9.tgz. Extracting by manifest.
2292 silly tarball no local data for mongodb@https://registry.npmjs.org/mongodb/-/mongodb-6.20.0.tgz. Extracting by manifest.
2293 silly tarball no local data for gaxios@https://registry.npmjs.org/gaxios/-/gaxios-5.1.3.tgz. Extracting by manifest.
2294 http fetch GET 200 https://registry.npmjs.org/memory-pager/-/memory-pager-1.5.0.tgz 171ms (cache miss)
2295 http fetch GET 200 https://registry.npmjs.org/webidl-conversions/-/webidl-conversions-7.0.0.tgz 170ms (cache miss)
2296 http fetch GET 200 https://registry.npmjs.org/punycode/-/punycode-2.3.1.tgz 171ms (cache miss)
2297 http fetch GET 200 https://registry.npmjs.org/whatwg-url/-/whatwg-url-14.2.0.tgz 172ms (cache miss)
2298 http fetch GET 200 https://registry.npmjs.org/tr46/-/tr46-5.1.1.tgz 172ms (cache miss)
2299 http fetch GET 200 https://registry.npmjs.org/ansi-styles/-/ansi-styles-4.3.0.tgz 190ms (cache miss)
2300 http fetch GET 200 https://registry.npmjs.org/p-limit/-/p-limit-2.3.0.tgz 192ms (cache miss)
2301 http fetch GET 200 https://registry.npmjs.org/is-fullwidth-code-point/-/is-fullwidth-code-point-3.0.0.tgz 192ms (cache miss)
2302 http fetch GET 200 https://registry.npmjs.org/p-try/-/p-try-2.2.0.tgz 193ms (cache miss)
2303 http fetch GET 200 https://registry.npmjs.org/ansi-regex/-/ansi-regex-5.0.1.tgz 201ms (cache miss)
2304 http fetch GET 200 https://registry.npmjs.org/path-exists/-/path-exists-4.0.0.tgz 200ms (cache miss)
2305 http fetch GET 200 https://registry.npmjs.org/locate-path/-/locate-path-5.0.0.tgz 200ms (cache miss)
2306 http fetch POST 200 https://registry.npmjs.org/-/npm/v1/security/advisories/bulk 262ms
2307 silly audit report {
2307 silly audit report   vite: [
2307 silly audit report     {
2307 silly audit report       id: 1116229,
2307 silly audit report       url: 'https://github.com/advisories/GHSA-4w7w-66w2-5vf9',
2307 silly audit report       title: 'Vite Vulnerable to Path Traversal in Optimized Deps `.map` Handling',
2307 silly audit report       severity: 'moderate',
2307 silly audit report       vulnerable_versions: '<=6.4.1',
2307 silly audit report       cwe: [Array],
2307 silly audit report       cvss: [Object]
2307 silly audit report     }
2307 silly audit report   ],
2307 silly audit report   esbuild: [
2307 silly audit report     {
2307 silly audit report       id: 1102341,
2307 silly audit report       url: 'https://github.com/advisories/GHSA-67mh-4wv8-2f99',
2307 silly audit report       title: 'esbuild enables any website to send any requests to the development server and read the response',
2307 silly audit report       severity: 'moderate',
2307 silly audit report       vulnerable_versions: '<=0.24.2',
2307 silly audit report       cwe: [Array],
2307 silly audit report       cvss: [Object]
2307 silly audit report     }
2307 silly audit report   ]
2307 silly audit report }
2308 silly packumentCache corgi:https://registry.npmjs.org/vite cache-miss
2309 silly packumentCache corgi:https://registry.npmjs.org/esbuild cache-miss
2310 http fetch GET 200 https://registry.npmjs.org/p-locate/-/p-locate-4.1.0.tgz 210ms (cache miss)
2311 http fetch GET 200 https://registry.npmjs.org/strip-ansi/-/strip-ansi-6.0.1.tgz 214ms (cache miss)
2312 http fetch GET 200 https://registry.npmjs.org/camelcase/-/camelcase-5.3.1.tgz 223ms (cache miss)
2313 http fetch GET 200 https://registry.npmjs.org/is-stream/-/is-stream-2.0.1.tgz 227ms (cache miss)
2314 http fetch GET 200 https://registry.npmjs.org/color-convert/-/color-convert-2.0.1.tgz 230ms (cache miss)
2315 http fetch GET 200 https://registry.npmjs.org/wrap-ansi/-/wrap-ansi-6.2.0.tgz 231ms (cache miss)
2316 http fetch GET 200 https://registry.npmjs.org/which-module/-/which-module-2.0.1.tgz 235ms (cache miss)
2317 http fetch GET 200 https://registry.npmjs.org/require-main-filename/-/require-main-filename-2.0.0.tgz 235ms (cache miss)
2318 http fetch GET 200 https://registry.npmjs.org/mongodb-connection-string-url/-/mongodb-connection-string-url-3.0.2.tgz 239ms (cache miss)
2319 http fetch GET 200 https://registry.npmjs.org/yargs-parser/-/yargs-parser-18.1.3.tgz 237ms (cache miss)
2320 http fetch GET 200 https://registry.npmjs.org/find-up/-/find-up-4.1.0.tgz 243ms (cache miss)
2321 http fetch GET 200 https://registry.npmjs.org/set-blocking/-/set-blocking-2.0.0.tgz 244ms (cache miss)
2322 http fetch GET 200 https://registry.npmjs.org/get-caller-file/-/get-caller-file-2.0.5.tgz 243ms (cache miss)
2323 http fetch GET 200 https://registry.npmjs.org/decamelize/-/decamelize-1.2.0.tgz 241ms (cache miss)
2324 http fetch GET 200 https://registry.npmjs.org/y18n/-/y18n-4.0.3.tgz 244ms (cache miss)
2325 http fetch GET 200 https://registry.npmjs.org/string-width/-/string-width-4.2.3.tgz 243ms (cache miss)
2326 http fetch GET 200 https://registry.npmjs.org/cliui/-/cliui-6.0.0.tgz 241ms (cache miss)
2327 http fetch GET 200 https://registry.npmjs.org/sparse-bitfield/-/sparse-bitfield-3.0.3.tgz 248ms (cache miss)
2328 http fetch GET 200 https://registry.npmjs.org/source-map-js/-/source-map-js-1.2.1.tgz 242ms (cache miss)
2329 http fetch GET 200 https://registry.npmjs.org/fsevents/-/fsevents-2.3.3.tgz 248ms (cache miss)
2330 http fetch GET 200 https://registry.npmjs.org/media-typer/-/media-typer-0.3.0.tgz 261ms (cache miss)
2331 http fetch GET 200 https://registry.npmjs.org/escalade/-/escalade-3.2.0.tgz 262ms (cache miss)
2332 http fetch GET 200 https://registry.npmjs.org/xmlhttprequest-ssl/-/xmlhttprequest-ssl-2.1.2.tgz 261ms (cache miss)
2333 http fetch GET 200 https://registry.npmjs.org/nanoid/-/nanoid-3.3.11.tgz 269ms (cache miss)
2334 http fetch GET 200 https://registry.npmjs.org/require-directory/-/require-directory-2.1.1.tgz 268ms (cache miss)
2335 http fetch GET 200 https://registry.npmjs.org/esbuild/-/esbuild-0.21.5.tgz 272ms (cache miss)
2336 http fetch GET 200 https://registry.npmjs.org/postcss/-/postcss-8.5.10.tgz 286ms (cache miss)
2337 http fetch GET 200 https://registry.npmjs.org/socket.io-adapter/-/socket.io-adapter-2.5.6.tgz 288ms (cache miss)
2338 http fetch GET 200 https://registry.npmjs.org/@types/cors/-/cors-2.8.19.tgz 300ms (cache miss)
2339 http fetch GET 200 https://registry.npmjs.org/base64id/-/base64id-2.0.0.tgz 296ms (cache miss)
2340 http fetch GET 200 https://registry.npmjs.org/@types/ws/-/ws-8.18.1.tgz 302ms (cache miss)
2341 http fetch GET 200 https://registry.npmjs.org/engine.io/-/engine.io-6.6.6.tgz 308ms (cache miss)
2342 http fetch GET 200 https://registry.npmjs.org/side-channel-list/-/side-channel-list-1.0.1.tgz 316ms (cache miss)
2343 http fetch GET 200 https://registry.npmjs.org/side-channel-weakmap/-/side-channel-weakmap-1.0.2.tgz 316ms (cache miss)
2344 http fetch GET 200 https://registry.npmjs.org/call-bound/-/call-bound-1.0.4.tgz 317ms (cache miss)
2345 http fetch GET 200 https://registry.npmjs.org/side-channel-map/-/side-channel-map-1.0.1.tgz 317ms (cache miss)
2346 http fetch GET 200 https://registry.npmjs.org/color-name/-/color-name-1.1.4.tgz 340ms (cache miss)
2347 http fetch GET 200 https://registry.npmjs.org/process-nextick-args/-/process-nextick-args-2.0.1.tgz 336ms (cache miss)
2348 http fetch GET 200 https://registry.npmjs.org/rollup/-/rollup-4.60.2.tgz 348ms (cache miss)
2349 http fetch GET 200 https://registry.npmjs.org/mime/-/mime-1.6.0.tgz 341ms (cache miss)
2350 http fetch GET 200 https://registry.npmjs.org/core-util-is/-/core-util-is-1.0.3.tgz 341ms (cache miss)
2351 http fetch GET 200 https://registry.npmjs.org/string_decoder/-/string_decoder-1.1.1.tgz 345ms (cache miss)
2352 http fetch GET 200 https://registry.npmjs.org/socket.io-parser/-/socket.io-parser-4.2.6.tgz 352ms (cache miss)
2353 http fetch GET 200 https://registry.npmjs.org/isarray/-/isarray-1.0.0.tgz 352ms (cache miss)
2354 http fetch GET 200 https://registry.npmjs.org/side-channel/-/side-channel-1.1.0.tgz 363ms (cache miss)
2355 http fetch GET 200 https://registry.npmjs.org/@types/webidl-conversions/-/webidl-conversions-7.0.3.tgz 384ms (cache miss)
2356 http fetch GET 200 https://registry.npmjs.org/util-deprecate/-/util-deprecate-1.0.2.tgz 364ms (cache miss)
2357 http fetch GET 200 https://registry.npmjs.org/loose-envify/-/loose-envify-1.4.0.tgz 365ms (cache miss)
2358 http fetch GET 200 https://registry.npmjs.org/dijkstrajs/-/dijkstrajs-1.0.3.tgz 369ms (cache miss)
2359 http fetch GET 200 https://registry.npmjs.org/object-inspect/-/object-inspect-1.13.4.tgz 373ms (cache miss)
2360 http fetch GET 200 https://registry.npmjs.org/scheduler/-/scheduler-0.23.2.tgz 381ms (cache miss)
2361 http fetch GET 200 https://registry.npmjs.org/engine.io-parser/-/engine.io-parser-5.2.3.tgz 384ms (cache miss)
2362 http fetch GET 200 https://registry.npmjs.org/forwarded/-/forwarded-0.2.0.tgz 383ms (cache miss)
2363 http fetch GET 200 https://registry.npmjs.org/ipaddr.js/-/ipaddr.js-1.9.1.tgz 392ms (cache miss)
2364 http fetch GET 200 https://registry.npmjs.org/long/-/long-5.3.2.tgz 392ms (cache miss)
2365 http fetch GET 200 https://registry.npmjs.org/engine.io-client/-/engine.io-client-6.6.4.tgz 402ms (cache miss)
2366 http fetch GET 200 https://registry.npmjs.org/@protobufjs/pool/-/pool-1.1.0.tgz 395ms (cache miss)
2367 http fetch GET 200 https://registry.npmjs.org/@protobufjs/inquire/-/inquire-1.1.0.tgz 396ms (cache miss)
2368 http fetch GET 200 https://registry.npmjs.org/yargs/-/yargs-15.4.1.tgz 409ms (cache miss)
2369 http fetch GET 200 https://registry.npmjs.org/@protobufjs/float/-/float-1.0.2.tgz 408ms (cache miss)
2370 http fetch GET 200 https://registry.npmjs.org/@protobufjs/eventemitter/-/eventemitter-1.1.0.tgz 408ms (cache miss)
2371 http fetch GET 200 https://registry.npmjs.org/undici-types/-/undici-types-7.19.2.tgz 411ms (cache miss)
2372 http fetch GET 200 https://registry.npmjs.org/@protobufjs/aspromise/-/aspromise-1.1.2.tgz 411ms (cache miss)
2373 http fetch GET 200 https://registry.npmjs.org/@protobufjs/fetch/-/fetch-1.1.0.tgz 412ms (cache miss)
2374 http fetch GET 200 https://registry.npmjs.org/react-router/-/react-router-6.30.3.tgz 417ms (cache miss)
2375 http fetch GET 200 https://registry.npmjs.org/@protobufjs/path/-/path-1.1.2.tgz 426ms (cache miss)
2376 http fetch GET 200 https://registry.npmjs.org/node-ensure/-/node-ensure-0.0.0.tgz 424ms (cache miss)
2377 http fetch GET 200 https://registry.npmjs.org/retry/-/retry-0.13.1.tgz 426ms (cache miss)
2378 http fetch GET 200 https://registry.npmjs.org/@protobufjs/base64/-/base64-1.1.2.tgz 432ms (cache miss)
2379 http fetch GET 200 https://registry.npmjs.org/ee-first/-/ee-first-1.1.1.tgz 431ms (cache miss)
2380 http fetch GET 200 https://registry.npmjs.org/@socket.io/component-emitter/-/component-emitter-3.1.2.tgz 452ms (cache miss)
2381 http fetch GET 200 https://registry.npmjs.org/formdata-polyfill/-/formdata-polyfill-4.0.10.tgz 448ms (cache miss)
2382 http fetch GET 200 https://registry.npmjs.org/@types/whatwg-url/-/whatwg-url-11.0.5.tgz 474ms (cache miss)
2383 http fetch GET 200 https://registry.npmjs.org/fetch-blob/-/fetch-blob-3.2.0.tgz 459ms (cache miss)
2384 http fetch GET 200 https://registry.npmjs.org/@types/estree/-/estree-1.0.8.tgz 488ms (cache miss)
2385 http fetch GET 200 https://registry.npmjs.org/typedarray/-/typedarray-0.0.6.tgz 469ms (cache miss)
2386 http fetch GET 200 https://registry.npmjs.org/buffer-from/-/buffer-from-1.1.2.tgz 474ms (cache miss)
2387 http fetch GET 200 https://registry.npmjs.org/data-uri-to-buffer/-/data-uri-to-buffer-4.0.1.tgz 474ms (cache miss)
2388 http fetch GET 200 https://registry.npmjs.org/minimist/-/minimist-1.2.8.tgz 477ms (cache miss)
2389 http fetch GET 200 https://registry.npmjs.org/mkdirp/-/mkdirp-0.5.6.tgz 477ms (cache miss)
2390 http fetch GET 200 https://registry.npmjs.org/concat-stream/-/concat-stream-1.6.2.tgz 495ms (cache miss)
2391 http fetch GET 200 https://registry.npmjs.org/@protobufjs/codegen/-/codegen-2.0.4.tgz 498ms (cache miss)
2392 http fetch GET 200 https://registry.npmjs.org/emoji-regex/-/emoji-regex-8.0.0.tgz 499ms (cache miss)
2393 http fetch GET 200 https://registry.npmjs.org/streamsearch/-/streamsearch-1.1.0.tgz 500ms (cache miss)
2394 http fetch GET 200 https://registry.npmjs.org/node-domexception/-/node-domexception-1.0.0.tgz 504ms (cache miss)
2395 http fetch GET 200 https://registry.npmjs.org/xtend/-/xtend-4.0.2.tgz 504ms (cache miss)
2396 warn deprecated node-domexception@1.0.0: Use your platform's native DOMException instead
2397 http fetch GET 200 https://registry.npmjs.org/@mongodb-js/saslprep/-/saslprep-1.4.9.tgz 536ms (cache miss)
2398 http fetch GET 200 https://registry.npmjs.org/@types/node/-/node-25.6.0.tgz 516ms (cache miss)
2399 http fetch GET 200 https://registry.npmjs.org/option/-/option-0.2.4.tgz 519ms (cache miss)
2400 http fetch GET 200 https://registry.npmjs.org/append-field/-/append-field-1.0.0.tgz 526ms (cache miss)
2401 http fetch GET 200 https://registry.npmjs.org/mpath/-/mpath-0.9.0.tgz 528ms (cache miss)
2402 http fetch GET 200 https://registry.npmjs.org/mime-db/-/mime-db-1.52.0.tgz 532ms (cache miss)
2403 http fetch GET 200 https://registry.npmjs.org/kareem/-/kareem-2.6.3.tgz 531ms (cache miss)
2404 http fetch GET 200 https://registry.npmjs.org/pngjs/-/pngjs-5.0.0.tgz 544ms (cache miss)
2405 http fetch GET 200 https://registry.npmjs.org/mquery/-/mquery-5.0.0.tgz 546ms (cache miss)
2406 http fetch GET 200 https://registry.npmjs.org/busboy/-/busboy-1.6.0.tgz 551ms (cache miss)
2407 http fetch GET 200 https://registry.npmjs.org/@protobufjs/utf8/-/utf8-1.1.0.tgz 566ms (cache miss)
2408 http fetch GET 200 https://registry.npmjs.org/sift/-/sift-17.1.3.tgz 558ms (cache miss)
2409 http fetch GET 200 https://registry.npmjs.org/immediate/-/immediate-3.0.6.tgz 605ms (cache miss)
2410 http fetch GET 200 https://registry.npmjs.org/duck/-/duck-0.1.12.tgz 608ms (cache miss)
2411 http fetch GET 200 https://registry.npmjs.org/setimmediate/-/setimmediate-1.0.5.tgz 610ms (cache miss)
2412 http fetch GET 200 https://registry.npmjs.org/sprintf-js/-/sprintf-js-1.0.3.tgz 618ms (cache miss)
2413 http fetch GET 200 https://registry.npmjs.org/lop/-/lop-0.4.2.tgz 682ms (cache miss)
2414 http fetch GET 200 https://registry.npmjs.org/lie/-/lie-3.3.0.tgz 684ms (cache miss)
2415 http fetch GET 200 https://registry.npmjs.org/buffer-equal-constant-time/-/buffer-equal-constant-time-1.0.1.tgz 694ms (cache miss)
2416 http fetch GET 200 https://registry.npmjs.org/path-is-absolute/-/path-is-absolute-1.0.1.tgz 696ms (cache miss)
2417 http fetch GET 200 https://registry.npmjs.org/xmlbuilder/-/xmlbuilder-10.1.1.tgz 698ms (cache miss)
2418 http fetch GET 200 https://registry.npmjs.org/jwa/-/jwa-2.0.1.tgz 695ms (cache miss)
2419 http fetch GET 200 https://registry.npmjs.org/@types/retry/-/retry-0.12.0.tgz 710ms (cache miss)
2420 http fetch GET 200 https://registry.npmjs.org/yallist/-/yallist-3.1.1.tgz 697ms (cache miss)
2421 http fetch GET 200 https://registry.npmjs.org/readable-stream/-/readable-stream-2.3.8.tgz 699ms (cache miss)
2422 http fetch GET 200 https://registry.npmjs.org/dingbat-to-unicode/-/dingbat-to-unicode-1.0.1.tgz 699ms (cache miss)
2423 http fetch GET 200 https://registry.npmjs.org/https-proxy-agent/-/https-proxy-agent-7.0.6.tgz 756ms (cache miss)
2424 http fetch GET 200 https://registry.npmjs.org/extend/-/extend-3.0.2.tgz 756ms (cache miss)
2425 http fetch GET 200 https://registry.npmjs.org/safer-buffer/-/safer-buffer-2.1.2.tgz 757ms (cache miss)
2426 http fetch GET 200 https://registry.npmjs.org/toidentifier/-/toidentifier-1.0.1.tgz 757ms (cache miss)
2427 http fetch GET 200 https://registry.npmjs.org/agent-base/-/agent-base-7.1.4.tgz 757ms (cache miss)
2428 http fetch GET 200 https://registry.npmjs.org/inherits/-/inherits-2.0.4.tgz 762ms (cache miss)
2429 http fetch GET 200 https://registry.npmjs.org/argparse/-/argparse-1.0.10.tgz 768ms (cache miss)
2430 http fetch GET 200 https://registry.npmjs.org/jws/-/jws-4.0.1.tgz 769ms (cache miss)
2431 http fetch GET 200 https://registry.npmjs.org/json-bigint/-/json-bigint-1.0.0.tgz 773ms (cache miss)
2432 http fetch GET 200 https://registry.npmjs.org/math-intrinsics/-/math-intrinsics-1.1.0.tgz 793ms (cache miss)
2433 http fetch GET 200 https://registry.npmjs.org/has-symbols/-/has-symbols-1.1.0.tgz 791ms (cache miss)
2434 http fetch GET 200 https://registry.npmjs.org/ecdsa-sig-formatter/-/ecdsa-sig-formatter-1.0.11.tgz 799ms (cache miss)
2435 http fetch GET 200 https://registry.npmjs.org/dunder-proto/-/dunder-proto-1.0.1.tgz 796ms (cache miss)
2436 http fetch GET 200 https://registry.npmjs.org/gcp-metadata/-/gcp-metadata-8.1.2.tgz 800ms (cache miss)
2437 http fetch GET 200 https://registry.npmjs.org/gopd/-/gopd-1.2.0.tgz 795ms (cache miss)
2438 http fetch GET 200 https://registry.npmjs.org/call-bind-apply-helpers/-/call-bind-apply-helpers-1.0.2.tgz 790ms (cache miss)
2439 http fetch GET 200 https://registry.npmjs.org/get-intrinsic/-/get-intrinsic-1.3.0.tgz 792ms (cache miss)
2440 http fetch GET 200 https://registry.npmjs.org/google-logging-utils/-/google-logging-utils-1.1.3.tgz 804ms (cache miss)
2441 http fetch GET 200 https://registry.npmjs.org/es-object-atoms/-/es-object-atoms-1.1.1.tgz 794ms (cache miss)
2442 http fetch GET 200 https://registry.npmjs.org/function-bind/-/function-bind-1.1.2.tgz 797ms (cache miss)
2443 http fetch GET 200 https://registry.npmjs.org/hasown/-/hasown-2.0.3.tgz 791ms (cache miss)
2444 http fetch GET 200 https://registry.npmjs.org/es-errors/-/es-errors-1.3.0.tgz 791ms (cache miss)
2445 http fetch GET 200 https://registry.npmjs.org/combined-stream/-/combined-stream-1.0.8.tgz 789ms (cache miss)
2446 http fetch GET 200 https://registry.npmjs.org/has-tostringtag/-/has-tostringtag-1.0.2.tgz 794ms (cache miss)
2447 http fetch GET 200 https://registry.npmjs.org/get-proto/-/get-proto-1.0.1.tgz 793ms (cache miss)
2448 http fetch GET 200 https://registry.npmjs.org/unpipe/-/unpipe-1.0.0.tgz 789ms (cache miss)
2449 http fetch GET 200 https://registry.npmjs.org/base64-js/-/base64-js-1.5.1.tgz 798ms (cache miss)
2450 http fetch GET 200 https://registry.npmjs.org/raw-body/-/raw-body-2.5.3.tgz 790ms (cache miss)
2451 http fetch GET 200 https://registry.npmjs.org/delayed-stream/-/delayed-stream-1.0.0.tgz 795ms (cache miss)
2452 http fetch GET 200 https://registry.npmjs.org/es-set-tostringtag/-/es-set-tostringtag-2.1.0.tgz 800ms (cache miss)
2453 http fetch GET 200 https://registry.npmjs.org/node-fetch/-/node-fetch-3.3.2.tgz 827ms (cache miss)
2454 http fetch GET 200 https://registry.npmjs.org/type-is/-/type-is-1.6.18.tgz 807ms (cache miss)
2455 http fetch GET 200 https://registry.npmjs.org/es-define-property/-/es-define-property-1.0.1.tgz 809ms (cache miss)
2456 http fetch GET 200 https://registry.npmjs.org/bytes/-/bytes-3.1.2.tgz 808ms (cache miss)
2457 http fetch GET 200 https://registry.npmjs.org/negotiator/-/negotiator-0.6.3.tgz 810ms (cache miss)
2458 http fetch GET 200 https://registry.npmjs.org/destroy/-/destroy-1.2.0.tgz 813ms (cache miss)
2459 http fetch GET 200 https://registry.npmjs.org/mime-types/-/mime-types-2.1.35.tgz 814ms (cache miss)
2460 http fetch GET 200 https://registry.npmjs.org/bignumber.js/-/bignumber.js-9.3.1.tgz 838ms (cache miss)
2461 http fetch GET 200 https://registry.npmjs.org/asynckit/-/asynckit-0.4.0.tgz 828ms (cache miss)
2462 http fetch GET 200 https://registry.npmjs.org/setprototypeof/-/setprototypeof-1.2.0.tgz 836ms (cache miss)
2463 http fetch GET 200 https://registry.npmjs.org/utils-merge/-/utils-merge-1.0.1.tgz 836ms (cache miss)
2464 http fetch GET 200 https://registry.npmjs.org/serve-static/-/serve-static-1.16.3.tgz 837ms (cache miss)
2465 http fetch GET 200 https://registry.npmjs.org/proxy-addr/-/proxy-addr-2.0.7.tgz 835ms (cache miss)
2466 http fetch GET 200 https://registry.npmjs.org/parseurl/-/parseurl-1.3.3.tgz 837ms (cache miss)
2467 http fetch GET 200 https://registry.npmjs.org/safe-buffer/-/safe-buffer-5.2.1.tgz 837ms (cache miss)
2468 http fetch GET 200 https://registry.npmjs.org/path-to-regexp/-/path-to-regexp-0.1.13.tgz 837ms (cache miss)
2469 http fetch GET 200 https://registry.npmjs.org/on-finished/-/on-finished-2.4.1.tgz 836ms (cache miss)
2470 http fetch GET 200 https://registry.npmjs.org/range-parser/-/range-parser-1.2.1.tgz 838ms (cache miss)
2471 http fetch GET 200 https://registry.npmjs.org/statuses/-/statuses-2.0.2.tgz 838ms (cache miss)
2472 http fetch GET 200 https://registry.npmjs.org/send/-/send-0.19.2.tgz 843ms (cache miss)
2473 http fetch GET 200 https://registry.npmjs.org/methods/-/methods-1.1.2.tgz 859ms (cache miss)
2474 http fetch GET 200 https://registry.npmjs.org/http-errors/-/http-errors-2.0.1.tgz 858ms (cache miss)
2475 http fetch GET 200 https://registry.npmjs.org/escape-html/-/escape-html-1.0.3.tgz 861ms (cache miss)
2476 http fetch GET 200 https://registry.npmjs.org/cookie-signature/-/cookie-signature-1.0.7.tgz 861ms (cache miss)
2477 http fetch GET 200 https://registry.npmjs.org/encodeurl/-/encodeurl-2.0.0.tgz 862ms (cache miss)
2478 http fetch GET 200 https://registry.npmjs.org/cookie/-/cookie-0.7.2.tgz 862ms (cache miss)
2479 http fetch GET 200 https://registry.npmjs.org/merge-descriptors/-/merge-descriptors-1.0.3.tgz 864ms (cache miss)
2480 http fetch GET 200 https://registry.npmjs.org/fresh/-/fresh-0.5.2.tgz 865ms (cache miss)
2481 http fetch GET 200 https://registry.npmjs.org/finalhandler/-/finalhandler-1.3.2.tgz 864ms (cache miss)
2482 http fetch GET 200 https://registry.npmjs.org/content-type/-/content-type-1.0.5.tgz 863ms (cache miss)
2483 http fetch GET 200 https://registry.npmjs.org/depd/-/depd-2.0.0.tgz 865ms (cache miss)
2484 http fetch GET 200 https://registry.npmjs.org/etag/-/etag-1.8.1.tgz 867ms (cache miss)
2485 http fetch GET 200 https://registry.npmjs.org/ms/-/ms-2.1.3.tgz 874ms (cache miss)
2486 http fetch GET 200 https://registry.npmjs.org/pako/-/pako-1.0.11.tgz 907ms (cache miss)
2487 http fetch GET 200 https://registry.npmjs.org/node-releases/-/node-releases-2.0.38.tgz 875ms (cache miss)
2488 http fetch GET 200 https://registry.npmjs.org/bluebird/-/bluebird-3.4.7.tgz 912ms (cache miss)
2489 http fetch GET 200 https://registry.npmjs.org/content-disposition/-/content-disposition-0.5.4.tgz 882ms (cache miss)
2490 http fetch GET 200 https://registry.npmjs.org/array-flatten/-/array-flatten-1.1.1.tgz 883ms (cache miss)
2491 http fetch GET 200 https://registry.npmjs.org/accepts/-/accepts-1.3.8.tgz 884ms (cache miss)
2492 http fetch GET 200 https://registry.npmjs.org/body-parser/-/body-parser-1.20.4.tgz 889ms (cache miss)
2493 http fetch GET 200 https://registry.npmjs.org/update-browserslist-db/-/update-browserslist-db-1.2.3.tgz 887ms (cache miss)
2494 http fetch GET 200 https://registry.npmjs.org/vary/-/vary-1.1.2.tgz 887ms (cache miss)
2495 http fetch GET 200 https://registry.npmjs.org/object-assign/-/object-assign-4.1.1.tgz 889ms (cache miss)
2496 http fetch GET 200 https://registry.npmjs.org/iconv-lite/-/iconv-lite-0.4.24.tgz 909ms (cache miss)
2497 http fetch GET 200 https://registry.npmjs.org/qs/-/qs-6.14.2.tgz 907ms (cache miss)
2498 http fetch GET 200 https://registry.npmjs.org/baseline-browser-mapping/-/baseline-browser-mapping-2.10.21.tgz 909ms (cache miss)
2499 http fetch GET 200 https://registry.npmjs.org/electron-to-chromium/-/electron-to-chromium-1.5.344.tgz 911ms (cache miss)
2500 http fetch GET 200 https://registry.npmjs.org/proxy-from-env/-/proxy-from-env-2.1.0.tgz 917ms (cache miss)
2501 http fetch GET 200 https://registry.npmjs.org/follow-redirects/-/follow-redirects-1.16.0.tgz 916ms (cache miss)
2502 http fetch GET 200 https://registry.npmjs.org/form-data/-/form-data-4.0.5.tgz 923ms (cache miss)
2503 http fetch GET 200 https://registry.npmjs.org/@types/babel__traverse/-/babel__traverse-7.28.0.tgz 925ms (cache miss)
2504 http fetch GET 200 https://registry.npmjs.org/@babel/helper-globals/-/helper-globals-7.28.0.tgz 925ms (cache miss)
2505 http fetch GET 200 https://registry.npmjs.org/@babel/helper-string-parser/-/helper-string-parser-7.27.1.tgz 926ms (cache miss)
2506 http fetch GET 200 https://registry.npmjs.org/@types/babel__template/-/babel__template-7.4.4.tgz 929ms (cache miss)
2507 http fetch GET 200 https://registry.npmjs.org/@types/babel__generator/-/babel__generator-7.27.0.tgz 928ms (cache miss)
2508 http fetch GET 200 https://registry.npmjs.org/@jridgewell/resolve-uri/-/resolve-uri-3.1.2.tgz 929ms (cache miss)
2509 http fetch GET 200 https://registry.npmjs.org/jszip/-/jszip-3.10.1.tgz 967ms (cache miss)
2510 http fetch GET 200 https://registry.npmjs.org/bson/-/bson-6.10.4.tgz 981ms (cache miss)
2511 http fetch GET 200 https://registry.npmjs.org/@jridgewell/sourcemap-codec/-/sourcemap-codec-1.5.5.tgz 952ms (cache miss)
2512 http fetch GET 200 https://registry.npmjs.org/lru-cache/-/lru-cache-5.1.1.tgz 1012ms (cache miss)
2513 http fetch GET 200 https://registry.npmjs.org/picocolors/-/picocolors-1.1.1.tgz 1015ms (cache miss)
2514 http fetch GET 200 https://registry.npmjs.org/jsesc/-/jsesc-3.1.0.tgz 1025ms (cache miss)
2515 http fetch GET 200 https://registry.npmjs.org/@babel/helper-validator-option/-/helper-validator-option-7.27.1.tgz 1032ms (cache miss)
2516 http fetch GET 200 https://registry.npmjs.org/@babel/helper-validator-identifier/-/helper-validator-identifier-7.28.5.tgz 1029ms (cache miss)
2517 http fetch GET 200 https://registry.npmjs.org/semver/-/semver-6.3.1.tgz 1030ms (cache miss)
2518 http fetch GET 200 https://registry.npmjs.org/browserslist/-/browserslist-4.28.2.tgz 1039ms (cache miss)
2519 http fetch GET 200 https://registry.npmjs.org/js-tokens/-/js-tokens-4.0.0.tgz 1035ms (cache miss)
2520 http fetch GET 200 https://registry.npmjs.org/debug/-/debug-4.4.3.tgz 1038ms (cache miss)
2521 http fetch GET 200 https://registry.npmjs.org/convert-source-map/-/convert-source-map-2.0.0.tgz 1038ms (cache miss)
2522 http fetch GET 200 https://registry.npmjs.org/gensync/-/gensync-1.0.0-beta.2.tgz 1039ms (cache miss)
2523 http fetch GET 200 https://registry.npmjs.org/@babel/plugin-transform-react-jsx-source/-/plugin-transform-react-jsx-source-7.27.1.tgz 1038ms (cache miss)
2524 http fetch GET 200 https://registry.npmjs.org/react-refresh/-/react-refresh-0.17.0.tgz 1045ms (cache miss)
2525 http fetch GET 200 https://registry.npmjs.org/@remix-run/router/-/router-1.23.2.tgz 1125ms (cache miss)
2526 http fetch GET 200 https://registry.npmjs.org/@xmldom/xmldom/-/xmldom-0.8.13.tgz 1110ms (cache miss)
2527 http fetch GET 200 https://registry.npmjs.org/@jridgewell/gen-mapping/-/gen-mapping-0.3.13.tgz 1073ms (cache miss)
2528 http fetch GET 200 https://registry.npmjs.org/json5/-/json5-2.2.3.tgz 1073ms (cache miss)
2529 http fetch GET 200 https://registry.npmjs.org/@jridgewell/remapping/-/remapping-2.3.5.tgz 1079ms (cache miss)
2530 http fetch GET 200 https://registry.npmjs.org/gaxios/-/gaxios-7.1.4.tgz 1133ms (cache miss)
2531 http fetch GET 200 https://registry.npmjs.org/@jridgewell/trace-mapping/-/trace-mapping-0.3.31.tgz 1102ms (cache miss)
2532 http fetch GET 200 https://registry.npmjs.org/ws/-/ws-8.20.0.tgz 1104ms (cache miss)
2533 http fetch GET 200 https://registry.npmjs.org/@rollup/rollup-darwin-arm64/-/rollup-darwin-arm64-4.60.2.tgz 1190ms (cache miss)
2534 http fetch GET 200 https://registry.npmjs.org/@babel/helper-plugin-utils/-/helper-plugin-utils-7.28.6.tgz 1141ms (cache miss)
2535 http fetch GET 200 https://registry.npmjs.org/@babel/parser/-/parser-7.29.2.tgz 1149ms (cache miss)
2536 http fetch GET 200 https://registry.npmjs.org/react-router-dom/-/react-router-dom-6.30.3.tgz 1150ms (cache miss)
2537 http fetch GET 200 https://registry.npmjs.org/google-auth-library/-/google-auth-library-10.6.2.tgz 1160ms (cache miss)
2538 http fetch GET 200 https://registry.npmjs.org/@babel/helper-module-imports/-/helper-module-imports-7.28.6.tgz 1203ms (cache miss)
2539 http fetch GET 200 https://registry.npmjs.org/@babel/compat-data/-/compat-data-7.29.0.tgz 1203ms (cache miss)
2540 http fetch GET 200 https://registry.npmjs.org/@babel/template/-/template-7.28.6.tgz 1224ms (cache miss)
2541 http fetch GET 200 https://registry.npmjs.org/@babel/helper-module-transforms/-/helper-module-transforms-7.28.6.tgz 1234ms (cache miss)
2542 http fetch GET 200 https://registry.npmjs.org/web-streams-polyfill/-/web-streams-polyfill-3.3.3.tgz 1294ms (cache miss)
2543 http fetch GET 200 https://registry.npmjs.org/react/-/react-18.3.1.tgz 1234ms (cache miss)
2544 http fetch GET 200 https://registry.npmjs.org/@babel/code-frame/-/code-frame-7.29.0.tgz 1273ms (cache miss)
2545 http fetch GET 200 https://registry.npmjs.org/@babel/helper-compilation-targets/-/helper-compilation-targets-7.28.6.tgz 1274ms (cache miss)
2546 http fetch GET 200 https://registry.npmjs.org/@types/babel__core/-/babel__core-7.20.5.tgz 1273ms (cache miss)
2547 http fetch GET 200 https://registry.npmjs.org/socket.io-client/-/socket.io-client-4.8.3.tgz 1288ms (cache miss)
2548 http fetch GET 200 https://registry.npmjs.org/protobufjs/-/protobufjs-7.5.5.tgz 1292ms (cache miss)
2549 http fetch GET 200 https://registry.npmjs.org/p-retry/-/p-retry-4.6.2.tgz 1308ms (cache miss)
2550 http fetch GET 200 https://registry.npmjs.org/multer/-/multer-1.4.5-lts.2.tgz 1312ms (cache miss)
2551 warn deprecated multer@1.4.5-lts.2: Multer 1.x is impacted by a number of vulnerabilities, which have been patched in 2.x. You should upgrade to the latest 2.x version.
2552 http fetch GET 200 https://registry.npmjs.org/@babel/generator/-/generator-7.29.1.tgz 1330ms (cache miss)
2553 http fetch GET 200 https://registry.npmjs.org/socket.io/-/socket.io-4.8.3.tgz 1327ms (cache miss)
2554 http fetch GET 200 https://registry.npmjs.org/express/-/express-4.22.1.tgz 1330ms (cache miss)
2555 http fetch GET 200 https://registry.npmjs.org/@babel/traverse/-/traverse-7.29.0.tgz 1342ms (cache miss)
2556 http fetch GET 200 https://registry.npmjs.org/underscore/-/underscore-1.13.8.tgz 1391ms (cache miss)
2557 http fetch GET 200 https://registry.npmjs.org/qrcode/-/qrcode-1.5.4.tgz 1341ms (cache miss)
2558 http fetch GET 200 https://registry.npmjs.org/@babel/plugin-transform-react-jsx-self/-/plugin-transform-react-jsx-self-7.27.1.tgz 1361ms (cache miss)
2559 http fetch GET 200 https://registry.npmjs.org/@esbuild/darwin-arm64/-/darwin-arm64-0.21.5.tgz 1449ms (cache miss)
2560 http fetch GET 200 https://registry.npmjs.org/cors/-/cors-2.8.6.tgz 1371ms (cache miss)
2561 http fetch GET 200 https://registry.npmjs.org/safe-buffer/-/safe-buffer-5.1.2.tgz 1376ms (cache miss)
2562 http fetch GET 200 https://registry.npmjs.org/dotenv/-/dotenv-16.6.1.tgz 1381ms (cache miss)
2563 http fetch GET 200 https://registry.npmjs.org/@vitejs/plugin-react/-/plugin-react-4.7.0.tgz 1406ms (cache miss)
2564 http fetch GET 200 https://registry.npmjs.org/ms/-/ms-2.0.0.tgz 1456ms (cache miss)
2565 http fetch GET 200 https://registry.npmjs.org/vite/-/vite-5.4.21.tgz 1463ms (cache miss)
2566 http fetch GET 200 https://registry.npmjs.org/safe-buffer/-/safe-buffer-5.1.2.tgz 1459ms (cache miss)
2567 http fetch GET 200 https://registry.npmjs.org/ms/-/ms-2.0.0.tgz 1462ms (cache miss)
2568 http fetch GET 200 https://registry.npmjs.org/ws/-/ws-8.18.3.tgz 1465ms (cache miss)
2569 http fetch GET 200 https://registry.npmjs.org/debug/-/debug-2.6.9.tgz 1468ms (cache miss)
2570 http fetch GET 200 https://registry.npmjs.org/debug/-/debug-2.6.9.tgz 1469ms (cache miss)
2571 http fetch GET 200 https://registry.npmjs.org/ws/-/ws-8.18.3.tgz 1471ms (cache miss)
2572 http fetch GET 200 https://registry.npmjs.org/whatwg-url/-/whatwg-url-5.0.0.tgz 1472ms (cache miss)
2573 http fetch GET 200 https://registry.npmjs.org/webidl-conversions/-/webidl-conversions-3.0.1.tgz 1476ms (cache miss)
2574 http fetch GET 200 https://registry.npmjs.org/ms/-/ms-2.0.0.tgz 1477ms (cache miss)
2575 http fetch GET 200 https://registry.npmjs.org/https-proxy-agent/-/https-proxy-agent-5.0.1.tgz 1476ms (cache miss)
2576 http fetch GET 200 https://registry.npmjs.org/gcp-metadata/-/gcp-metadata-5.3.0.tgz 1477ms (cache miss)
2577 http fetch GET 200 https://registry.npmjs.org/node-fetch/-/node-fetch-2.7.0.tgz 1481ms (cache miss)
2578 http fetch GET 200 https://registry.npmjs.org/debug/-/debug-2.6.9.tgz 1485ms (cache miss)
2579 http fetch GET 200 https://registry.npmjs.org/tr46/-/tr46-0.0.3.tgz 1483ms (cache miss)
2580 http fetch GET 200 https://registry.npmjs.org/ws/-/ws-8.18.3.tgz 1488ms (cache miss)
2581 http fetch GET 200 https://registry.npmjs.org/ms/-/ms-2.0.0.tgz 1494ms (cache miss)
2582 http fetch GET 200 https://registry.npmjs.org/agent-base/-/agent-base-6.0.2.tgz 1497ms (cache miss)
2583 http fetch GET 200 https://registry.npmjs.org/debug/-/debug-2.6.9.tgz 1499ms (cache miss)
2584 http fetch GET 200 https://registry.npmjs.org/gaxios/-/gaxios-5.1.3.tgz 1501ms (cache miss)
2585 http fetch GET 200 https://registry.npmjs.org/@babel/helpers/-/helpers-7.29.2.tgz 1520ms (cache miss)
2586 http fetch GET 200 https://registry.npmjs.org/axios/-/axios-1.15.2.tgz 1550ms (cache miss)
2587 http fetch GET 200 https://registry.npmjs.org/mammoth/-/mammoth-1.12.0.tgz 1562ms (cache miss)
2588 http fetch GET 200 https://registry.npmjs.org/@rolldown/pluginutils/-/pluginutils-1.0.0-beta.27.tgz 1576ms (cache miss)
2589 http fetch GET 200 https://registry.npmjs.org/@babel/types/-/types-7.29.0.tgz 1596ms (cache miss)
2590 http fetch GET 200 https://registry.npmjs.org/react-dom/-/react-dom-18.3.1.tgz 1609ms (cache miss)
2591 http fetch GET 200 https://registry.npmjs.org/vite 1514ms (cache miss)
2592 silly packumentCache corgi:https://registry.npmjs.org/vite set size:undefined disposed:false
2593 http fetch GET 200 https://registry.npmjs.org/esbuild 1548ms (cache miss)
2594 silly packumentCache corgi:https://registry.npmjs.org/esbuild set size:undefined disposed:false
2595 silly packumentCache corgi:https://registry.npmjs.org/@vitejs%2fplugin-react cache-miss
2596 http fetch GET 200 https://registry.npmjs.org/@vitejs%2fplugin-react 68ms (cache miss)
2597 silly packumentCache corgi:https://registry.npmjs.org/@vitejs%2fplugin-react set size:undefined disposed:false
2598 http fetch GET 200 https://registry.npmjs.org/mongoose/-/mongoose-8.23.1.tgz 1833ms (cache miss)
2599 http fetch GET 200 https://registry.npmjs.org/caniuse-lite/-/caniuse-lite-1.0.30001790.tgz 1861ms (cache miss)
2600 http fetch GET 200 https://registry.npmjs.org/@babel/core/-/core-7.29.0.tgz 1882ms (cache miss)
2601 http fetch GET 200 https://registry.npmjs.org/mongodb/-/mongodb-6.20.0.tgz 1925ms (cache miss)
2602 http fetch GET 200 https://registry.npmjs.org/@google/genai/-/genai-1.50.1.tgz 1943ms (cache miss)
2603 http fetch GET 200 https://registry.npmjs.org/pdf-parse/-/pdf-parse-1.1.4.tgz 3637ms (cache miss)
2604 info run fsevents@2.3.3 install node_modules/fsevents node-gyp rebuild
2605 info run fsevents@2.3.3 install { code: 1, signal: null }
2606 verbose reify failed optional dependency /Users/satyamsingh/Desktop/untitled folder/Quizizz/node_modules/fsevents
2607 silly reify mark deleted [
2607 silly reify   '/Users/satyamsingh/Desktop/untitled folder/Quizizz/node_modules/fsevents'
2607 silly reify ]
2608 info run esbuild@0.21.5 postinstall node_modules/esbuild node install.js
2609 info run protobufjs@7.5.5 postinstall node_modules/protobufjs node scripts/postinstall
2610 info run protobufjs@7.5.5 postinstall { code: 0, signal: null }
2611 info run esbuild@0.21.5 postinstall { code: 0, signal: null }
2612 silly ADD node_modules/punycode
2613 silly ADD node_modules/webidl-conversions
2614 silly ADD node_modules/tr46
2615 silly ADD node_modules/memory-pager
2616 silly ADD node_modules/@types/webidl-conversions
2617 silly ADD node_modules/whatwg-url
2618 silly ADD node_modules/@types/whatwg-url
2619 silly ADD node_modules/sparse-bitfield
2620 silly ADD node_modules/mongodb-connection-string-url
2621 silly ADD node_modules/@mongodb-js/saslprep
2622 silly ADD node_modules/is-stream
2623 silly ADD node_modules/camelcase
2624 silly ADD node_modules/color-name
2625 silly ADD node_modules/color-convert
2626 silly ADD node_modules/ansi-styles
2627 silly ADD node_modules/ansi-regex
2628 silly ADD node_modules/is-fullwidth-code-point
2629 silly ADD node_modules/emoji-regex
2630 silly ADD node_modules/p-try
2631 silly ADD node_modules/p-limit
2632 silly ADD node_modules/p-locate
2633 silly ADD node_modules/path-exists
2634 silly ADD node_modules/locate-path
2635 silly ADD node_modules/wrap-ansi
2636 silly ADD node_modules/strip-ansi
2637 silly ADD node_modules/yargs-parser
2638 silly ADD node_modules/y18n
2639 silly ADD node_modules/which-module
2640 silly ADD node_modules/string-width
2641 silly ADD node_modules/set-blocking
2642 silly ADD node_modules/require-main-filename
2643 silly ADD node_modules/require-directory
2644 silly ADD node_modules/get-caller-file
2645 silly ADD node_modules/find-up
2646 silly ADD node_modules/decamelize
2647 silly ADD node_modules/cliui
2648 silly ADD node_modules/@types/estree
2649 silly ADD
2650 silly ADD
2651 silly ADD
2652 silly ADD
2653 silly ADD
2654 silly ADD
2655 silly ADD
2656 silly ADD
2657 silly ADD
2658 silly ADD
2659 silly ADD
2660 silly ADD
2661 silly ADD
2662 silly ADD
2663 silly ADD
2664 silly ADD
2665 silly ADD
2666 silly ADD
2667 silly ADD
2668 silly ADD
2669 silly ADD
2670 silly ADD
2671 silly ADD node_modules/@rollup/rollup-darwin-arm64
2672 silly ADD
2673 silly ADD
2674 silly ADD node_modules/source-map-js
2675 silly ADD node_modules/nanoid
2676 silly ADD
2677 silly ADD
2678 silly ADD
2679 silly ADD
2680 silly ADD
2681 silly ADD
2682 silly ADD
2683 silly ADD
2684 silly ADD
2685 silly ADD
2686 silly ADD
2687 silly ADD
2688 silly ADD
2689 silly ADD
2690 silly ADD
2691 silly ADD
2692 silly ADD
2693 silly ADD
2694 silly ADD node_modules/@esbuild/darwin-arm64
2695 silly ADD
2696 silly ADD
2697 silly ADD
2698 silly ADD
2699 silly ADD node_modules/rollup
2700 silly ADD node_modules/postcss
2701 silly ADD
2702 silly ADD node_modules/esbuild
2703 silly ADD node_modules/escalade
2704 silly ADD node_modules/media-typer
2705 silly ADD node_modules/xmlhttprequest-ssl
2706 silly ADD node_modules/engine.io-client
2707 silly ADD node_modules/engine.io-client/node_modules/ws
2708 silly ADD node_modules/@socket.io/component-emitter
2709 silly ADD node_modules/engine.io-parser
2710 silly ADD node_modules/@types/ws
2711 silly ADD node_modules/@types/cors
2712 silly ADD node_modules/socket.io-parser
2713 silly ADD node_modules/socket.io-adapter
2714 silly ADD node_modules/socket.io-adapter/node_modules/ws
2715 silly ADD node_modules/engine.io
2716 silly ADD node_modules/engine.io/node_modules/ws
2717 silly ADD node_modules/base64id
2718 silly ADD node_modules/call-bound
2719 silly ADD node_modules/side-channel-weakmap
2720 silly ADD node_modules/side-channel-map
2721 silly ADD node_modules/side-channel-list
2722 silly ADD node_modules/object-inspect
2723 silly ADD node_modules/mime
2724 silly ADD node_modules/util-deprecate
2725 silly ADD node_modules/string_decoder
2726 silly ADD node_modules/string_decoder/node_modules/safe-buffer
2727 silly ADD node_modules/process-nextick-args
2728 silly ADD node_modules/isarray
2729 silly ADD node_modules/core-util-is
2730 silly ADD node_modules/react-router
2731 silly ADD node_modules/@remix-run/router
2732 silly ADD node_modules/scheduler
2733 silly ADD node_modules/loose-envify
2734 silly ADD node_modules/side-channel
2735 silly ADD node_modules/yargs
2736 silly ADD node_modules/pngjs
2737 silly ADD node_modules/dijkstrajs
2738 silly ADD node_modules/ipaddr.js
2739 silly ADD node_modules/forwarded
2740 silly ADD node_modules/undici-types
2741 silly ADD node_modules/long
2742 silly ADD node_modules/@types/node
2743 silly ADD node_modules/@protobufjs/utf8
2744 silly ADD node_modules/@protobufjs/pool
2745 silly ADD node_modules/@protobufjs/path
2746 silly ADD node_modules/@protobufjs/inquire
2747 silly ADD node_modules/@protobufjs/float
2748 silly ADD node_modules/@protobufjs/fetch
2749 silly ADD node_modules/@protobufjs/eventemitter
2750 silly ADD node_modules/@protobufjs/codegen
2751 silly ADD node_modules/@protobufjs/base64
2752 silly ADD node_modules/@protobufjs/aspromise
2753 silly ADD node_modules/node-ensure
2754 silly ADD node_modules/retry
2755 silly ADD node_modules/@types/retry
2756 silly ADD node_modules/ee-first
2757 silly ADD node_modules/web-streams-polyfill
2758 silly ADD node_modules/node-domexception
2759 silly ADD node_modules/formdata-polyfill
2760 silly ADD node_modules/fetch-blob
2761 silly ADD node_modules/data-uri-to-buffer
2762 silly ADD node_modules/minimist
2763 silly ADD node_modules/typedarray
2764 silly ADD node_modules/buffer-from
2765 silly ADD node_modules/streamsearch
2766 silly ADD node_modules/xtend
2767 silly ADD node_modules/mkdirp
2768 silly ADD node_modules/concat-stream
2769 silly ADD node_modules/busboy
2770 silly ADD node_modules/append-field
2771 silly ADD node_modules/sift
2772 silly ADD node_modules/mquery
2773 silly ADD node_modules/mpath
2774 silly ADD node_modules/kareem
2775 silly ADD node_modules/bson
2776 silly ADD node_modules/mime-db
2777 silly ADD node_modules/option
2778 silly ADD node_modules/duck
2779 silly ADD node_modules/immediate
2780 silly ADD node_modules/setimmediate
2781 silly ADD node_modules/readable-stream
2782 silly ADD node_modules/readable-stream/node_modules/safe-buffer
2783 silly ADD node_modules/pako
2784 silly ADD node_modules/lie
2785 silly ADD node_modules/sprintf-js
2786 silly ADD node_modules/xmlbuilder
2787 silly ADD node_modules/underscore
2788 silly ADD node_modules/path-is-absolute
2789 silly ADD node_modules/lop
2790 silly ADD node_modules/jszip
2791 silly ADD node_modules/dingbat-to-unicode
2792 silly ADD node_modules/bluebird
2793 silly ADD node_modules/argparse
2794 silly ADD node_modules/@xmldom/xmldom
2795 silly ADD node_modules/yallist
2796 silly ADD node_modules/buffer-equal-constant-time
2797 silly ADD node_modules/jwa
2798 silly ADD node_modules/bignumber.js
2799 silly ADD node_modules/safer-buffer
2800 silly ADD node_modules/agent-base
2801 silly ADD node_modules/toidentifier
2802 silly ADD node_modules/inherits
2803 silly ADD node_modules/json-bigint
2804 silly ADD node_modules/node-fetch
2805 silly ADD node_modules/https-proxy-agent
2806 silly ADD node_modules/extend
2807 silly ADD node_modules/jws
2808 silly ADD node_modules/google-logging-utils
2809 silly ADD node_modules/gcp-metadata
2810 silly ADD node_modules/gaxios
2811 silly ADD node_modules/ecdsa-sig-formatter
2812 silly ADD node_modules/base64-js
2813 silly ADD node_modules/dunder-proto
2814 silly ADD node_modules/math-intrinsics
2815 silly ADD node_modules/has-symbols
2816 silly ADD node_modules/gopd
2817 silly ADD node_modules/get-proto
2818 silly ADD node_modules/function-bind
2819 silly ADD node_modules/es-object-atoms
2820 silly ADD node_modules/es-define-property
2821 silly ADD node_modules/call-bind-apply-helpers
2822 silly ADD node_modules/has-tostringtag
2823 silly ADD node_modules/get-intrinsic
2824 silly ADD node_modules/es-errors
2825 silly ADD node_modules/delayed-stream
2826 silly ADD node_modules/hasown
2827 silly ADD node_modules/es-set-tostringtag
2828 silly ADD node_modules/combined-stream
2829 silly ADD node_modules/asynckit
2830 silly ADD node_modules/unpipe
2831 silly ADD node_modules/raw-body
2832 silly ADD node_modules/iconv-lite
2833 silly ADD node_modules/destroy
2834 silly ADD node_modules/bytes
2835 silly ADD node_modules/negotiator
2836 silly ADD node_modules/mime-types
2837 silly ADD node_modules/utils-merge
2838 silly ADD node_modules/type-is
2839 silly ADD node_modules/statuses
2840 silly ADD node_modules/setprototypeof
2841 silly ADD node_modules/serve-static
2842 silly ADD node_modules/send
2843 silly ADD node_modules/send/node_modules/debug
2844 silly ADD node_modules/send/node_modules/debug/node_modules/ms
2845 silly ADD node_modules/safe-buffer
2846 silly ADD node_modules/range-parser
2847 silly ADD node_modules/qs
2848 silly ADD node_modules/proxy-addr
2849 silly ADD node_modules/path-to-regexp
2850 silly ADD node_modules/parseurl
2851 silly ADD node_modules/on-finished
2852 silly ADD node_modules/methods
2853 silly ADD node_modules/merge-descriptors
2854 silly ADD node_modules/http-errors
2855 silly ADD node_modules/fresh
2856 silly ADD node_modules/finalhandler
2857 silly ADD node_modules/finalhandler/node_modules/ms
2858 silly ADD node_modules/finalhandler/node_modules/debug
2859 silly ADD node_modules/etag
2860 silly ADD node_modules/escape-html
2861 silly ADD node_modules/encodeurl
2862 silly ADD node_modules/depd
2863 silly ADD node_modules/cookie-signature
2864 silly ADD node_modules/cookie
2865 silly ADD node_modules/content-type
2866 silly ADD node_modules/content-disposition
2867 silly ADD node_modules/body-parser
2868 silly ADD node_modules/body-parser/node_modules/ms
2869 silly ADD node_modules/body-parser/node_modules/debug
2870 silly ADD node_modules/array-flatten
2871 silly ADD node_modules/accepts
2872 silly ADD node_modules/ms
2873 silly ADD node_modules/vary
2874 silly ADD node_modules/object-assign
2875 silly ADD node_modules/update-browserslist-db
2876 silly ADD node_modules/node-releases
2877 silly ADD node_modules/electron-to-chromium
2878 silly ADD node_modules/caniuse-lite
2879 silly ADD node_modules/baseline-browser-mapping
2880 silly ADD node_modules/proxy-from-env
2881 silly ADD node_modules/form-data
2882 silly ADD node_modules/follow-redirects
2883 silly ADD node_modules/@types/babel__traverse
2884 silly ADD node_modules/@types/babel__template
2885 silly ADD node_modules/@types/babel__generator
2886 silly ADD node_modules/@jridgewell/resolve-uri
2887 silly ADD node_modules/@jridgewell/sourcemap-codec
2888 silly ADD node_modules/@babel/helper-string-parser
2889 silly ADD node_modules/@babel/helper-globals
2890 silly ADD node_modules/@babel/helper-plugin-utils
2891 silly ADD node_modules/@babel/helper-module-imports
2892 silly ADD node_modules/lru-cache
2893 silly ADD node_modules/browserslist
2894 silly ADD node_modules/@babel/helper-validator-option
2895 silly ADD node_modules/@babel/compat-data
2896 silly ADD node_modules/jsesc
2897 silly ADD node_modules/@jridgewell/trace-mapping
2898 silly ADD node_modules/@jridgewell/gen-mapping
2899 silly ADD node_modules/picocolors
2900 silly ADD node_modules/js-tokens
2901 silly ADD node_modules/@babel/helper-validator-identifier
2902 silly ADD node_modules/semver
2903 silly ADD node_modules/json5
2904 silly ADD node_modules/gensync
2905 silly ADD node_modules/debug
2906 silly ADD node_modules/convert-source-map
2907 silly ADD node_modules/@jridgewell/remapping
2908 silly ADD node_modules/@babel/types
2909 silly ADD node_modules/@babel/traverse
2910 silly ADD node_modules/@babel/template
2911 silly ADD node_modules/@babel/parser
2912 silly ADD node_modules/@babel/helpers
2913 silly ADD node_modules/@babel/helper-module-transforms
2914 silly ADD node_modules/@babel/helper-compilation-targets
2915 silly ADD node_modules/@babel/generator
2916 silly ADD node_modules/@babel/code-frame
2917 silly ADD node_modules/react-refresh
2918 silly ADD node_modules/@types/babel__core
2919 silly ADD node_modules/@rolldown/pluginutils
2920 silly ADD node_modules/@babel/plugin-transform-react-jsx-source
2921 silly ADD node_modules/@babel/plugin-transform-react-jsx-self
2922 silly ADD node_modules/@babel/core
2923 silly ADD node_modules/ws
2924 silly ADD node_modules/protobufjs
2925 silly ADD node_modules/p-retry
2926 silly ADD node_modules/google-auth-library
2927 silly ADD node_modules/@google/genai
2928 silly ADD node_modules/socket.io-client
2929 silly ADD node_modules/react-router-dom
2930 silly ADD node_modules/react-dom
2931 silly ADD node_modules/react
2932 silly ADD node_modules/vite
2933 silly ADD node_modules/@vitejs/plugin-react
2934 silly ADD node_modules/socket.io
2935 silly ADD node_modules/qrcode
2936 silly ADD node_modules/pdf-parse
2937 silly ADD node_modules/multer
2938 silly ADD node_modules/mongoose
2939 silly ADD node_modules/mongoose/node_modules/webidl-conversions
2940 silly ADD node_modules/mongoose/node_modules/tr46
2941 silly ADD node_modules/mongoose/node_modules/whatwg-url
2942 silly ADD node_modules/mongoose/node_modules/agent-base
2943 silly ADD node_modules/mongoose/node_modules/node-fetch
2944 silly ADD node_modules/mongoose/node_modules/https-proxy-agent
2945 silly ADD node_modules/mongoose/node_modules/gaxios
2946 silly ADD node_modules/mongoose/node_modules/gcp-metadata
2947 silly ADD node_modules/mongoose/node_modules/mongodb
2948 silly ADD node_modules/mammoth
2949 silly ADD node_modules/express
2950 silly ADD node_modules/express/node_modules/ms
2951 silly ADD node_modules/express/node_modules/debug
2952 silly ADD node_modules/dotenv
2953 silly ADD node_modules/cors
2954 silly ADD node_modules/axios
2955 silly ADD node_modules/web-player
2956 silly ADD node_modules/web-admin
2957 silly ADD node_modules/quizizz-api
2958 silly ADD node_modules/ai-orchestrator
2959 verbose cwd /Users/satyamsingh/Desktop/untitled folder/Quizizz
2960 verbose os Darwin 25.1.0
2961 verbose node v20.20.2
2962 verbose npm  v10.8.2
2963 notice
2963 notice New major version of npm available! 10.8.2 -> 11.13.0
2963 notice Changelog: https://github.com/npm/cli/releases/tag/v11.13.0
2963 notice To update run: npm install -g npm@11.13.0
2963 notice  { force: true, [Symbol(proc-log.meta)]: true }
2964 verbose exit 0
2965 info ok
